,mild_blood,mild_fantasy_violence,mild_language,mild_suggestive_themes,mild_violence,no_descriptors,nudity,partial_nudity,sexual_content,sexual_themes,simulated_gambling,strong_language,suggestive_themes,use_of_alcohol,use_of_drugs_and_alcohol,esrb_rating
1441,0,0,0,0,0,1,0,0,0,0,0,0,0,0,0,0
938,0,0,0,1,0,0,0,0,0,0,1,0,0,0,0,2
735,1,0,0,0,0,0,0,0,0,0,0,0,0,0,0,2
121,0,0,0,0,0,1,0,0,0,0,0,0,0,0,0,0
901,0,0,0,0,0,0,0,0,0,0,0,1,0,0,0,3
156,0,0,0,0,0,0,1,0,0,0,0,0,0,0,0,2
1384,0,0,0,0,0,1,0,0,0,0,0,0,0,0,0,0
958,0,0,0,0,0,0,0,0,0,0,0,0,0,0,0,1
75,0,0,0,0,0,0,0,0,0,0,0,0,0,0,0,2
644,0,0,0,0,0,0,0,0,0,0,0,0,0,0,0,0
336,0,0,0,0,0,0,0,0,0,0,0,0,0,0,0,2
1583,0,1,0,0,0,0,0,0,0,0,0,0,0,0,0,0
1755,0,0,0,0,0,0,0,0,1,0,0,0,0,0,0,2
1367,0,0,0,0,0,0,0,0,0,0,0,0,0,0,0,2
73,0,0,0,0,0,0,0,0,0,0,0,0,0,0,0,2
1590,0,0,0,0,0,1,0,0,0,0,0,0,0,0,0,0
249,0,0,0,0,0,0,0,0,0,0,0,0,0,0,0,0
956,0,0,1,0,0,0,0,0,0,0,0,0,0,0,0,0
781,0,0,0,0,0,1,0,0,0,0,0,0,0,0,0,2
1153,0,0,0,0,0,0,0,0,0,0,0,0,0,0,0,2
1615,0,0,0,0,0,0,0,0,0,0,0,0,0,0,0,1
580,0,0,0,0,1,0,0,0,0,0,0,0,0,0,0,1
1169,0,0,1,0,0,0,0,0,0,0,0,0,0,0,0,1
380,0,0,0,0,0,0,0,0,1,0,0,0,0,0,0,2
1329,0,0,0,0,0,0,0,0,0,0,0,0,0,0,0,1
170,0,0,0,0,0,1,0,0,0,0,0,0,0,0,0,0
1821,0,0,0,0,0,1,0,0,0,0,0,0,0,1,0,2
1852,0,0,0,0,0,0,0,0,0,0,0,0,0,0,0,0
1175,0,0,0,0,0,0,0,0,0,0,0,0,0,0,0,0
1049,0,0,0,0,0,0,0,0,0,0,0,0,0,0,0,0
1247,0,0,0,0,0,0,0,0,0,0,0,0,0,0,0,0
1198,0,0,0,0,0,0,0,0,0,0,0,0,0,0,0,3
134,0,0,0,0,0,0,0,0,0,0,0,0,0,0,0,2
681,0,0,0,0,0,0,0,0,0,0,0,0,0,0,0,1
173,0,0,0,0,0,0,0,0,0,0,0,0,0,1,0,2
911,0,0,0,0,0,0,0,0,0,0,0,0,0,0,0,2
706,0,0,0,0,0,0,0,0,0,0,0,0,0,0,0,1
1563,0,0,0,0,0,1,0,0,0,0,0,0,0,0,0,0
739,0,0,0,0,1,0,0,0,0,0,0,0,0,0,0,2
1062,0,0,0,0,0,0,0,0,0,0,0,0,0,0,0,1
1279,0,0,0,0,0,0,0,0,0,0,0,0,0,0,0,2
72,0,0,0,0,0,0,0,0,0,0,0,0,0,0,0,3
1550,0,0,0,0,0,0,0,0,0,0,0,0,0,0,0,2
1147,0,0,0,0,0,0,0,0,0,0,0,0,0,0,0,1
1182,0,0,0,0,0,1,0,0,0,0,0,0,0,0,0,0
1429,0,0,0,0,0,0,0,0,0,0,0,1,0,0,0,3
622,0,0,0,0,0,0,0,0,0,0,0,0,0,0,0,3
1095,1,0,0,0,0,0,1,0,0,0,0,0,0,0,0,1
1263,0,0,0,0,0,0,0,0,0,0,0,0,0,0,0,2
1574,0,0,0,0,0,1,0,0,0,0,0,0,0,0,0,0
1730,0,0,0,0,0,0,0,0,0,0,0,0,0,0,0,0
151,0,1,0,0,0,0,0,0,0,0,0,0,0,0,0,0
1552,0,0,0,0,0,0,0,0,0,0,0,0,1,0,0,3
399,0,0,0,0,0,0,0,0,0,0,0,0,0,0,0,3
1610,0,0,0,0,1,0,0,0,0,0,0,0,0,0,0,0
1388,0,0,0,0,0,0,0,0,0,0,0,0,0,0,0,1
1150,0,0,0,0,0,0,0,0,0,0,0,0,0,0,0,1
1457,0,0,0,0,0,0,0,0,0,0,1,1,0,0,0,3
1381,1,0,0,0,0,0,0,0,0,0,1,0,0,0,0,2
606,0,0,0,0,0,1,0,0,0,0,0,0,0,0,0,0
789,0,0,0,0,0,0,0,0,0,0,0,0,1,0,0,1
1082,0,0,0,0,0,1,0,0,0,0,0,0,0,0,0,0
1564,0,0,0,0,0,1,0,0,0,0,0,0,0,0,0,0
63,0,0,0,0,0,0,0,0,1,0,0,0,1,0,0,2
491,0,0,0,0,0,1,0,0,0,0,0,0,0,0,0,0
116,1,0,0,0,0,0,0,0,0,0,0,0,0,0,0,1
526,0,0,0,1,1,0,0,0,0,0,0,0,0,0,0,2
295,0,0,0,0,0,0,0,0,0,0,0,1,0,0,0,3
1052,0,0,0,0,0,0,0,0,0,0,0,0,0,0,1,2
1024,1,0,0,0,0,0,0,0,0,0,0,0,0,0,0,2
1437,0,0,0,0,0,0,0,0,0,0,0,0,0,0,0,1
1688,0,0,0,0,0,0,0,0,0,0,1,0,0,0,0,2
1256,0,1,0,0,0,0,0,0,0,0,0,0,0,0,0,0
1622,0,0,0,0,0,0,0,0,0,0,0,0,0,0,0,2
1535,0,0,0,0,0,0,0,0,0,0,0,0,0,0,0,3
1526,0,0,0,0,0,1,0,0,0,0,0,0,0,0,0,0
371,0,0,0,0,0,0,0,0,0,0,0,0,0,0,0,2
682,0,0,0,0,0,1,0,0,0,0,0,1,0,0,0,3
1349,0,0,1,0,0,0,0,0,0,0,0,0,0,0,0,0
1143,0,0,0,0,0,0,0,0,0,0,0,0,0,0,0,2
351,1,0,0,1,1,0,0,0,0,0,0,0,0,0,0,2
70,0,0,0,0,0,0,0,0,1,1,0,0,0,0,0,2
581,0,0,0,0,0,0,0,0,0,0,0,0,0,0,0,2
1293,0,0,1,0,0,0,0,0,0,0,0,0,0,0,0,0
953,0,0,0,0,0,0,0,0,0,1,0,0,0,0,0,2
314,0,0,0,0,0,0,0,0,0,0,0,1,0,0,0,3
1449,0,1,0,0,0,0,0,0,0,0,0,0,0,0,0,0
1568,0,0,0,1,0,0,0,0,0,0,0,0,0,0,0,1
1584,0,0,0,0,0,1,0,0,0,0,0,0,0,0,0,0
1044,1,0,0,0,1,0,0,0,0,0,0,0,0,0,0,2
423,0,0,0,0,0,0,0,0,0,0,0,0,0,0,0,2
1172,0,0,0,0,1,0,0,0,0,0,1,0,0,0,0,2
1875,0,0,0,1,0,1,0,0,0,0,0,0,0,0,0,2
94,0,0,0,0,0,0,0,0,0,0,0,0,1,0,1,2
566,0,0,0,0,0,1,0,0,0,0,0,0,0,0,0,0
1138,0,0,0,0,0,0,0,0,0,0,0,0,1,0,0,2
138,0,0,0,0,0,0,0,0,0,0,1,0,0,0,0,2
939,1,0,0,0,0,0,0,0,0,0,0,0,0,0,0,1
1667,0,0,0,0,0,0,0,0,0,0,0,0,0,0,0,2
697,0,0,0,0,0,0,0,0,0,0,0,0,0,0,0,2
287,0,0,0,0,0,0,0,0,0,0,0,0,1,0,0,2
46,0,0,0,0,0,0,0,0,0,0,0,0,0,0,0,2
1566,0,0,0,0,0,0,0,0,0,0,0,0,0,0,0,1
990,0,0,0,0,0,0,0,0,0,0,0,0,0,0,0,1
1426,0,0,0,0,0,0,0,0,0,0,0,0,0,0,0,3
522,0,0,0,0,0,0,0,0,0,0,0,0,0,0,0,3
331,0,0,0,0,0,0,0,0,1,0,0,0,0,0,0,3
325,0,0,0,0,0,0,0,0,0,1,0,1,1,0,0,3
808,0,0,0,0,1,0,0,0,0,0,0,0,0,0,0,2
710,0,0,0,0,0,0,0,0,0,0,0,0,1,0,0,2
68,0,0,0,0,0,0,0,0,0,0,0,0,0,0,0,1
1040,0,0,0,0,0,0,0,0,0,0,0,0,0,0,0,2
59,0,0,0,0,0,0,0,0,0,0,0,0,1,0,0,3
377,0,0,0,0,0,0,0,0,0,0,0,1,1,0,0,3
1669,0,0,0,0,0,1,0,0,0,0,0,0,0,0,0,0
302,0,0,0,0,0,0,0,0,0,0,0,0,0,0,0,3
215,0,0,0,0,0,0,0,0,0,0,0,0,0,0,0,3
592,0,0,0,0,0,1,0,0,0,0,0,0,0,0,0,0
814,0,0,0,0,0,0,0,0,0,0,1,0,0,0,0,2
807,0,0,0,0,0,0,0,0,0,0,0,0,0,0,0,2
977,0,0,0,0,0,0,0,0,0,0,0,0,0,0,0,3
147,0,0,0,0,0,0,0,0,0,0,0,0,0,0,0,2
183,0,0,0,0,0,0,0,0,0,0,0,0,0,0,0,1
370,0,0,0,0,0,0,0,0,0,0,0,0,0,0,0,2
214,0,0,0,0,0,0,0,0,0,0,0,0,0,0,0,1
1780,0,0,0,0,0,1,0,0,0,0,0,0,0,0,0,0
1338,0,0,0,0,0,0,0,0,1,1,0,0,0,0,0,3
1282,0,0,0,0,0,0,0,0,0,0,0,0,0,0,0,2
405,0,0,0,0,0,0,0,0,0,0,1,0,0,0,0,2
1427,0,0,0,0,0,0,0,0,0,0,0,0,1,0,0,2
1239,0,0,0,0,0,0,0,0,0,0,0,0,1,0,0,2
892,0,0,0,0,0,0,0,0,1,0,1,0,0,0,0,3
564,0,0,0,0,0,0,0,0,0,0,0,0,0,0,0,2
311,0,0,0,0,0,0,0,0,0,0,0,0,0,0,0,3
794,0,0,0,0,0,0,0,0,0,0,1,1,0,0,0,3
776,0,0,0,0,0,1,0,0,0,0,0,0,0,0,0,0
612,0,0,0,0,0,1,0,0,0,0,0,0,0,0,0,1
718,0,0,0,0,0,0,0,0,0,1,0,0,0,0,0,3
643,0,0,0,0,0,0,0,0,1,0,0,0,0,0,0,3
974,0,0,1,0,0,0,0,0,0,0,0,0,1,0,0,2
855,0,0,0,0,0,0,0,0,0,0,0,0,0,0,0,0
1428,0,0,0,0,0,1,0,0,0,0,0,0,0,0,0,0
1547,0,0,0,1,0,0,0,0,0,0,0,0,0,0,0,1
608,0,0,0,0,0,0,0,0,0,1,0,0,0,0,0,2
1073,0,0,1,0,0,0,0,0,0,0,0,0,0,0,0,0
1004,0,0,0,0,1,0,0,0,0,0,0,0,0,0,0,1
453,0,0,0,0,0,0,0,0,1,0,0,1,0,0,0,3
1216,0,0,0,1,0,0,0,0,0,0,0,0,0,0,0,2
683,0,0,0,0,0,0,0,0,0,0,0,0,1,0,0,2
1613,0,0,0,0,0,0,0,0,0,1,1,0,0,0,0,2
972,0,0,0,0,0,1,0,0,0,0,0,0,0,0,0,0
364,0,0,0,0,0,0,0,0,0,1,0,1,0,0,0,3
1653,0,0,0,0,0,0,0,0,0,0,0,0,0,0,0,0
419,0,0,0,0,0,0,0,0,0,0,0,0,0,0,0,2
1249,0,0,0,0,0,0,0,0,0,0,0,0,1,0,0,1
857,0,0,0,0,0,1,0,0,0,0,0,0,0,0,0,0
676,0,0,0,0,0,0,0,0,0,0,0,0,0,0,0,1
1248,0,0,0,0,0,0,0,0,0,0,1,0,1,0,0,2
1696,0,0,0,0,0,0,0,0,0,0,0,0,1,0,0,1
510,0,1,0,0,0,0,0,0,0,0,0,0,0,0,0,0
852,0,0,0,0,0,0,0,0,0,0,0,1,0,0,0,3
579,0,0,0,0,0,0,0,0,0,0,0,0,0,0,0,2
1803,0,0,0,0,0,0,0,0,0,0,1,1,0,0,0,3
1748,0,0,0,0,0,0,0,0,0,0,0,0,0,0,0,2
181,1,0,0,0,0,0,0,0,0,0,0,0,0,0,0,2
1106,0,0,0,0,0,0,0,0,0,0,0,0,0,0,0,2
677,0,0,0,0,0,0,0,0,0,0,0,0,0,0,0,3
1370,0,0,0,0,0,0,0,0,1,0,0,0,0,0,0,2
703,0,0,0,0,0,0,0,0,0,0,0,0,0,0,0,2
1195,0,0,0,0,0,0,0,0,0,0,0,0,0,0,0,1
1827,0,0,0,0,0,0,0,0,0,0,0,0,0,0,0,2
780,0,0,0,0,0,0,0,0,0,0,0,0,0,0,0,2
1261,0,0,0,0,0,0,0,0,0,0,0,0,0,0,0,1
262,0,0,0,0,0,0,0,0,0,0,0,0,0,0,0,2
1090,0,0,0,0,0,0,0,0,0,0,0,0,0,0,0,3
251,0,1,0,0,0,0,0,0,0,0,0,0,0,0,0,0
193,0,0,0,0,0,0,0,0,0,0,1,1,0,0,0,3
1291,0,0,0,0,0,0,0,0,0,0,0,0,0,0,0,1
1729,0,0,0,0,0,0,0,0,0,0,0,0,0,0,0,0
889,0,0,0,0,1,0,0,0,0,0,0,0,0,0,0,1
745,0,0,1,0,0,0,0,0,0,0,0,0,1,0,0,2
468,0,0,0,0,0,0,0,0,0,0,0,0,0,0,0,1
928,0,0,0,0,0,0,0,0,0,0,0,0,0,0,0,2
1792,0,0,0,0,0,1,0,0,0,0,0,0,0,0,0,2
1192,0,0,0,0,0,1,0,0,0,0,0,0,0,0,0,1
1113,0,0,0,0,0,0,0,0,0,0,0,0,0,0,0,1
96,0,0,0,0,0,0,0,0,0,0,0,0,0,0,0,0
868,0,0,0,0,0,0,0,0,0,0,0,0,1,0,0,2
1694,0,0,0,0,0,0,0,0,0,0,0,0,0,0,0,1
270,1,0,0,1,1,0,0,0,0,0,0,0,0,0,0,2
942,0,0,0,0,0,0,0,0,0,0,0,0,0,0,0,1
201,0,1,0,0,0,0,0,0,0,0,0,0,0,0,0,0
1529,0,0,0,0,0,1,0,0,0,0,0,0,0,0,0,0
746,0,0,0,0,0,0,0,0,0,1,1,1,0,0,0,3
1039,0,0,0,1,0,0,0,0,0,0,0,0,0,0,0,1
1434,0,0,0,0,0,0,0,0,0,0,0,0,0,0,0,1
1201,0,1,0,0,0,0,0,0,0,0,0,0,0,0,0,0
828,0,0,0,0,0,1,0,0,0,0,0,0,0,0,0,0
1870,0,0,0,0,1,0,0,0,0,0,0,0,0,0,0,2
1522,0,0,0,0,0,0,0,0,0,0,0,0,0,0,0,2
365,0,0,0,0,0,0,0,0,0,0,0,0,1,0,0,2
924,0,0,0,0,0,0,0,0,0,0,0,1,0,0,0,3
1048,0,0,0,0,0,0,0,0,0,0,0,0,1,0,0,2
256,0,0,0,0,0,0,0,0,0,0,1,0,0,0,1,3
1868,0,0,0,0,0,0,0,0,0,0,0,0,1,0,0,2
1297,0,0,0,0,0,0,0,0,0,0,0,0,0,0,0,1
1582,0,0,0,0,0,0,0,1,0,0,0,0,0,0,0,2
1438,0,0,0,0,0,0,0,0,0,0,0,0,0,0,0,1
551,0,0,0,0,0,0,0,0,0,0,0,0,0,0,0,2
1486,0,0,0,0,0,1,0,0,0,0,0,0,0,0,0,0
1160,0,0,0,0,0,1,0,0,0,0,0,0,0,0,0,0
1086,0,0,0,0,0,0,0,0,0,0,0,0,0,0,0,0
303,0,0,0,0,0,0,0,0,0,0,0,1,0,0,0,3
934,0,0,0,0,0,0,0,0,0,0,0,0,1,0,0,2
1706,0,0,0,0,0,0,0,0,0,0,0,0,0,0,0,3
1493,0,0,0,0,0,0,0,0,0,0,0,0,0,0,0,1
1235,0,0,0,0,0,0,0,0,0,0,0,0,0,0,0,1
1051,0,0,0,0,0,0,0,0,0,0,0,0,0,0,0,1
1288,0,0,0,0,0,1,0,0,0,0,0,0,0,0,0,0
1796,0,0,0,0,0,1,0,0,0,0,0,0,0,0,0,0
305,0,0,0,0,0,0,0,0,0,0,1,0,0,0,0,2
1204,1,0,0,0,0,0,0,0,0,0,0,0,1,0,0,2
1462,0,0,0,0,0,0,0,0,0,0,0,0,0,0,0,2
1369,0,0,0,0,0,1,0,0,0,0,0,0,0,0,0,0
1879,0,0,0,0,0,0,0,0,0,0,0,0,0,0,0,2
1072,0,0,0,0,0,0,0,0,0,0,0,0,0,0,0,2
1847,0,0,0,0,0,1,0,0,0,0,0,0,0,0,0,0
1878,0,0,0,0,0,0,0,0,0,0,0,0,0,0,0,3
1710,0,0,0,0,0,0,0,0,0,0,0,0,0,0,0,2
90,0,0,0,0,0,0,0,0,0,0,0,0,0,0,0,3
1829,0,1,0,0,0,0,0,0,0,0,0,0,0,0,0,0
711,0,0,0,0,0,1,0,0,0,0,0,0,0,0,0,1
1461,0,0,0,0,0,0,0,0,0,0,0,0,0,0,0,2
388,0,0,0,0,0,0,0,0,0,0,0,0,1,0,0,2
253,0,0,0,0,0,0,0,0,0,0,0,0,0,0,0,1
947,0,0,0,0,0,0,0,0,0,0,1,0,0,0,0,3
1372,0,0,0,0,0,0,0,1,0,0,0,1,0,0,0,2
1085,0,0,1,0,0,0,0,0,0,0,0,0,0,0,0,0
740,0,1,0,0,0,0,0,0,0,0,0,0,0,0,0,0
97,0,0,0,0,0,0,0,0,0,0,0,0,0,0,0,2
451,0,0,0,0,1,0,0,0,0,0,0,0,0,0,0,1
1460,0,0,0,0,0,0,0,0,0,0,0,0,1,0,0,2
569,1,0,0,0,0,1,1,0,0,0,0,0,0,0,0,2
343,0,0,0,0,0,1,0,0,0,0,0,0,0,0,0,0
1127,0,0,0,0,0,0,0,0,0,0,0,0,0,0,0,2
979,0,0,0,0,0,0,0,0,0,0,0,0,0,0,0,1
1341,0,0,0,0,0,0,0,0,1,0,0,0,1,0,0,2
202,1,0,0,0,0,0,0,0,0,0,0,0,0,0,0,2
1517,0,0,0,0,1,0,0,0,0,0,0,0,0,0,0,2
827,0,0,0,0,0,0,0,0,0,0,0,0,0,0,0,1
1608,0,0,0,0,0,0,0,0,0,0,1,1,0,0,0,3
163,0,0,0,0,1,0,0,0,0,0,0,0,0,0,0,1
1822,0,0,0,0,0,1,0,0,0,0,0,0,0,0,0,0
44,0,0,0,0,0,0,0,0,0,0,0,1,0,0,0,3
100,0,0,0,0,0,0,0,0,0,0,0,0,0,0,0,1
176,0,0,0,0,0,0,0,0,0,0,0,0,1,0,0,2
1790,1,0,0,0,0,0,0,0,0,0,0,0,0,0,0,1
424,0,0,0,0,0,0,0,0,0,0,0,0,0,0,0,2
1226,0,0,0,0,0,0,1,0,0,0,0,1,0,0,0,3
848,0,0,0,0,0,0,0,0,0,0,0,1,0,0,0,3
1659,0,1,0,0,0,0,0,0,0,0,0,0,0,0,0,0
1091,0,0,1,0,0,0,0,0,0,0,0,0,0,0,0,0
1418,0,0,0,0,0,0,1,0,0,0,0,0,1,0,0,2
276,0,0,0,0,0,0,0,0,0,0,0,0,0,0,0,1
479,0,0,1,0,0,0,0,0,0,0,0,0,1,0,0,2
1123,0,0,0,0,0,0,0,0,0,0,0,0,1,0,0,1
944,0,0,0,0,0,0,0,0,0,1,1,0,0,0,0,3
1376,0,0,0,0,0,0,0,0,0,0,0,0,0,0,1,1
153,0,0,0,0,0,0,0,0,0,0,0,0,0,0,0,1
1253,0,0,0,0,0,0,0,0,0,1,0,0,0,0,0,3
915,0,0,0,1,0,0,0,0,0,0,0,0,1,0,0,2
1850,0,0,0,0,0,0,0,0,0,0,0,0,0,0,0,2
224,1,0,0,0,0,0,0,0,0,0,0,0,1,0,0,2
1305,0,0,0,0,0,0,0,0,0,0,0,0,0,0,0,1
1450,0,0,0,0,0,0,0,0,0,0,0,0,0,0,0,1
26,0,0,0,0,0,0,0,0,0,0,0,0,0,0,0,1
1869,0,0,0,0,0,0,0,0,0,0,0,0,0,0,0,1
1018,0,0,0,0,0,0,0,0,0,0,0,0,0,0,0,1
278,0,0,1,0,0,0,0,0,0,0,0,0,0,0,0,1
1319,0,1,0,0,0,0,0,0,0,0,0,0,0,0,0,0
1171,0,0,0,0,0,1,0,0,0,0,0,0,0,0,0,0
838,0,0,0,0,0,0,0,0,0,0,0,0,1,0,0,2
955,0,0,0,0,0,0,0,0,0,0,0,0,0,0,0,2
1332,0,0,0,0,0,0,0,0,0,0,0,0,0,0,0,2
1806,0,0,0,0,0,1,0,0,0,0,0,0,0,0,0,0
559,0,0,0,0,0,1,0,0,0,0,0,0,0,0,0,0
340,0,0,0,0,0,0,0,0,0,1,1,1,0,0,0,3
1006,1,0,0,0,0,0,0,0,0,0,0,0,0,0,0,2
462,0,0,0,0,0,0,0,0,0,0,0,1,0,0,0,3
52,0,0,0,0,0,1,0,0,0,0,0,0,0,0,0,1
741,0,0,0,0,0,0,0,0,0,0,0,0,0,0,0,1
258,0,0,0,0,0,0,0,0,0,0,0,0,1,0,0,2
1021,0,0,0,0,0,0,0,0,0,0,0,0,0,0,0,1
1340,0,0,0,0,0,1,0,0,0,0,0,0,0,0,0,0
768,0,0,0,1,0,1,0,1,0,0,0,0,0,0,0,1
902,0,0,0,0,0,0,0,0,0,0,0,1,0,0,0,3
17,1,0,0,0,0,0,0,0,0,0,0,0,0,0,0,1
1551,1,0,0,0,0,0,0,0,0,0,0,1,0,0,0,3
350,0,0,0,0,0,0,0,0,0,0,1,0,0,0,0,2
38,0,0,0,0,0,0,0,0,0,0,0,0,0,0,0,2
787,0,0,0,0,0,0,0,0,0,0,0,0,0,0,0,1
368,0,0,0,0,0,0,0,0,0,0,0,0,0,0,0,2
1773,0,0,0,0,0,0,0,0,0,0,0,0,0,0,0,2
354,0,0,0,0,0,0,0,0,0,0,0,0,0,0,0,2
1889,0,0,0,1,0,0,0,0,0,0,0,0,0,0,0,1
1014,1,0,0,0,0,0,0,0,0,0,0,0,0,0,0,1
145,0,0,0,0,0,1,0,0,0,0,0,0,0,0,0,0
473,0,0,0,0,0,1,0,0,0,0,0,0,0,0,0,0
86,0,0,0,1,1,0,0,0,0,0,0,0,0,0,0,1
709,0,0,0,0,0,0,0,0,0,0,0,1,0,0,0,3
1481,0,0,0,0,0,0,0,0,0,0,0,0,0,0,0,1
1515,0,0,0,0,1,0,0,0,0,0,0,0,0,0,0,1
1478,0,0,0,0,0,1,0,0,0,0,0,0,0,0,0,0
92,0,0,0,0,1,0,0,0,0,0,0,0,0,0,0,1
613,0,0,0,0,0,0,0,0,0,0,0,1,0,0,0,3
1592,0,0,0,0,0,0,0,0,0,0,0,0,0,0,0,2
1213,0,0,0,0,0,0,0,0,0,0,0,0,0,0,0,2
1096,0,0,0,0,0,1,0,0,0,0,0,0,0,0,0,0
654,1,0,0,0,1,0,0,0,0,0,0,0,1,0,0,1
695,0,0,0,0,0,0,0,0,0,0,0,0,1,0,0,2
24,0,0,0,0,0,0,0,0,0,0,0,0,0,0,0,1
1193,0,0,0,0,0,0,0,0,0,0,0,0,1,0,0,2
1067,0,0,0,0,0,0,0,0,0,0,0,0,0,0,0,1
1156,0,0,0,0,0,1,0,0,0,0,0,0,0,0,0,0
1119,0,0,0,0,0,0,0,0,0,0,0,0,0,0,0,1
298,0,0,0,0,0,1,0,0,0,0,0,0,0,0,0,0
1619,0,0,0,0,0,0,0,0,0,0,0,0,0,0,0,1
494,0,0,0,0,0,0,0,0,0,0,0,0,0,0,0,3
729,0,0,0,0,0,0,0,0,1,1,0,1,0,0,0,3
693,0,0,0,0,0,0,0,0,0,0,0,0,0,0,0,3
1772,0,0,0,0,0,1,0,0,0,0,0,0,0,0,0,0
1389,0,0,0,0,0,0,0,0,0,0,0,0,0,0,0,2
1170,0,0,0,0,0,0,0,0,0,0,0,0,0,0,0,1
620,0,0,0,0,0,0,0,0,0,0,0,0,1,0,0,1
1135,1,0,0,0,0,1,0,0,0,0,0,0,0,0,0,2
1485,0,0,0,0,0,0,0,0,0,0,0,0,0,0,0,2
211,1,0,0,0,0,0,0,0,1,0,0,0,0,0,0,2
884,0,0,0,0,0,0,0,0,0,0,0,1,0,0,0,3
728,0,0,0,0,0,1,0,0,0,0,0,0,0,0,0,0
1167,0,0,0,0,0,0,0,0,0,0,0,0,0,0,0,1
750,0,0,0,0,0,0,0,0,0,0,0,0,0,0,0,2
804,0,1,0,0,0,0,0,0,0,0,0,0,0,0,0,0
1380,0,0,0,0,0,0,0,0,0,0,0,1,0,0,0,3
1074,0,0,0,1,0,0,0,0,0,0,0,0,0,0,0,2
1250,0,0,0,0,0,0,0,0,0,0,0,0,0,0,0,2
352,0,0,0,0,0,0,0,0,0,0,0,0,0,0,0,2
184,0,0,0,0,0,0,0,0,0,0,0,0,1,0,0,1
782,0,0,0,0,0,0,0,0,0,0,0,0,0,0,0,2
788,0,1,0,0,0,0,0,0,0,0,0,0,0,0,0,0
449,0,0,0,0,0,0,0,0,0,0,0,0,0,0,0,2
29,0,0,0,0,0,0,0,0,0,1,0,1,0,0,0,3
465,0,0,0,0,0,0,0,0,1,0,0,0,0,0,0,3
1262,0,0,0,0,0,0,0,0,0,0,0,0,1,0,0,2
547,0,0,0,0,0,0,0,0,0,0,0,0,0,0,0,0
1273,0,1,0,0,0,0,0,0,0,0,0,0,0,0,0,0
678,0,0,0,0,0,0,0,0,0,0,0,0,1,0,0,2
1268,0,0,0,0,0,0,0,0,0,0,0,1,0,0,0,3
720,0,0,0,0,0,0,0,0,0,0,0,1,0,0,0,3
227,0,0,0,0,0,0,0,0,0,0,0,0,0,0,0,2
988,0,0,1,0,0,0,0,0,0,0,0,0,0,0,0,1
1544,0,0,0,0,0,0,0,0,0,0,0,0,0,0,0,2
1246,0,0,0,0,1,0,0,0,0,0,0,0,0,0,1,1
825,0,0,0,0,0,0,0,0,0,0,0,0,0,0,0,1
1432,0,0,0,0,0,0,0,0,0,0,0,0,0,0,0,1
1212,0,0,0,0,0,0,0,0,0,0,0,0,0,0,0,2
91,0,0,0,0,1,0,0,0,0,0,0,0,0,0,0,1
1379,0,0,0,0,0,0,0,0,0,0,0,0,0,0,0,1
61,0,0,0,0,0,0,0,1,0,0,0,1,0,0,0,3
326,0,0,0,0,0,0,0,0,0,0,0,0,0,0,0,3
762,0,0,0,0,0,0,0,0,0,0,0,0,0,0,0,1
1084,0,0,0,0,0,0,0,0,0,0,0,0,0,0,0,2
1766,0,0,0,0,0,0,0,0,0,0,0,1,0,0,0,3
32,0,0,0,0,0,0,0,0,0,0,0,0,0,0,0,0
1509,0,0,0,0,0,0,0,0,0,0,0,0,0,0,0,3
1501,0,0,0,0,0,0,0,0,0,0,1,0,0,0,0,2
1654,0,0,0,0,1,0,0,0,0,0,0,0,0,0,0,1
1284,0,0,0,0,0,0,0,0,0,0,0,0,1,0,0,2
705,0,0,0,0,0,0,0,0,1,0,1,1,0,0,0,3
1471,0,0,0,0,0,1,0,0,0,0,0,0,0,0,0,0
1477,0,0,0,0,0,0,0,0,0,1,0,0,1,0,0,2
1155,0,0,0,0,0,0,0,0,0,0,0,1,0,0,0,3
1128,0,0,0,0,0,0,0,0,0,0,0,0,0,0,0,2
730,0,0,0,0,0,0,0,0,0,0,0,0,0,0,0,2
1880,0,0,0,0,1,0,0,0,0,0,0,0,0,0,0,0
357,0,0,0,1,0,0,0,0,0,0,0,0,0,1,0,2
908,0,0,0,0,0,1,0,0,0,0,0,0,0,0,0,0
475,0,1,0,0,0,0,0,0,0,0,0,0,0,0,0,1
248,0,0,0,0,0,0,0,0,0,0,0,0,0,1,0,2
546,1,0,0,1,0,0,0,0,0,0,0,0,0,0,0,1
197,0,0,0,0,0,0,0,0,0,0,0,0,0,0,1,1
387,0,0,0,0,0,0,0,0,0,0,0,0,0,0,0,1
111,0,0,0,0,0,0,0,0,0,0,0,0,0,0,0,0
1335,0,0,0,0,0,0,0,0,0,0,0,0,0,0,0,2
353,0,0,0,0,0,1,0,0,0,0,0,0,1,0,0,2
83,0,0,0,0,0,0,0,0,0,0,0,0,0,0,0,1
1741,0,0,0,0,0,0,0,0,0,0,0,0,0,0,0,1
1811,0,1,0,0,0,0,0,0,0,0,0,0,0,0,1,1
317,1,0,0,0,0,1,0,0,0,0,0,0,0,0,0,2
1618,0,0,0,0,0,0,0,0,0,0,0,1,0,0,0,3
279,0,0,0,0,0,0,0,0,0,0,0,1,0,0,0,3
846,0,0,0,0,0,0,0,0,0,0,0,0,0,0,0,2
1304,0,0,0,0,0,0,0,0,0,0,0,0,0,0,0,3
1301,0,0,0,0,0,0,0,0,0,0,0,0,0,1,0,2
361,0,0,0,0,0,0,0,0,0,0,0,0,0,0,0,2
194,1,0,0,1,0,0,0,0,0,0,0,0,0,1,0,2
872,0,0,1,0,0,0,0,0,0,1,0,0,0,0,0,2
981,0,0,0,0,0,0,0,0,0,0,0,0,1,0,0,2
62,0,0,0,0,0,1,0,0,0,0,0,0,0,0,0,0
849,0,0,0,0,0,0,0,0,0,0,1,0,0,0,0,2
1187,0,0,0,0,0,0,0,1,0,0,0,0,0,0,0,3
1339,0,0,0,0,0,1,0,0,0,0,0,0,0,0,0,0
504,0,1,0,0,0,0,0,0,0,0,0,0,0,0,0,0
133,0,0,0,0,0,0,0,0,0,0,0,0,0,0,0,2
986,0,0,0,0,0,0,0,0,0,0,0,0,0,0,0,1
1538,0,0,0,0,0,0,0,0,0,0,0,0,0,0,0,1
373,0,0,0,0,0,0,0,0,1,1,0,1,0,0,0,3
1116,0,0,0,0,0,0,0,0,0,0,0,0,0,0,0,2
922,0,0,0,0,0,1,0,0,0,0,0,0,0,0,0,0
385,0,0,0,0,0,0,0,0,0,0,0,0,0,0,0,2
191,0,0,0,0,0,0,0,0,0,0,0,0,0,0,0,3
99,0,0,0,0,0,1,0,0,0,0,0,0,0,0,0,0
1355,0,0,0,0,0,0,0,0,0,0,0,0,0,0,0,2
1717,0,0,0,0,0,0,0,0,0,0,0,0,0,0,0,1
575,0,0,0,0,0,0,0,0,0,0,0,1,1,0,0,3
1795,0,0,0,0,0,0,0,0,0,0,0,0,0,0,0,2
1745,0,0,0,0,0,0,0,0,0,0,0,0,0,0,0,1
51,0,0,0,0,0,0,0,0,0,0,1,0,0,0,0,2
338,1,0,0,1,1,0,0,0,0,0,0,0,0,0,0,2
715,0,0,0,0,1,0,0,0,0,0,0,0,0,0,0,2
692,0,0,0,0,0,0,0,0,0,0,0,0,0,0,0,2
1757,0,0,0,0,1,0,0,0,0,0,0,0,0,0,0,1
485,0,0,0,0,0,0,0,0,0,0,1,0,0,0,0,2
537,0,0,0,0,1,0,1,0,0,0,0,0,0,0,0,2
647,0,0,0,0,0,0,0,0,0,0,0,0,0,0,0,0
1786,1,0,0,0,0,0,0,0,0,0,1,0,1,0,0,2
440,0,0,0,0,0,0,0,0,0,1,0,1,0,0,0,3
1703,0,0,0,0,0,0,0,0,0,0,0,0,0,0,0,2
562,0,0,0,0,0,0,0,0,0,0,0,0,1,0,0,1
515,0,0,0,0,0,1,0,0,0,0,0,0,0,0,0,0
1804,0,0,0,0,0,0,0,0,0,0,0,0,0,0,0,2
830,0,0,0,0,0,1,0,0,0,0,0,0,0,0,0,0
1280,0,0,0,0,0,0,0,0,0,0,0,0,1,0,0,2
1030,0,0,0,0,0,0,0,0,0,0,0,0,1,0,0,2
534,0,0,0,0,0,0,0,0,0,0,0,0,0,0,0,1
172,0,0,0,0,0,1,0,0,0,0,0,0,0,0,0,0
839,0,0,0,1,1,0,0,0,0,0,0,0,0,0,0,2
982,0,0,0,0,0,0,0,0,0,0,0,0,1,0,0,2
1197,0,1,0,0,0,0,0,0,0,0,0,0,0,0,0,1
168,0,0,0,0,0,0,0,0,0,0,1,1,0,0,0,3
656,0,0,0,0,0,0,0,0,0,0,0,0,0,0,0,3
441,0,0,0,0,0,0,0,0,0,0,0,0,0,0,0,3
1302,0,0,0,0,0,0,0,0,0,0,1,0,0,0,0,3
1634,0,0,0,0,0,0,0,0,0,0,0,0,0,0,0,2
220,0,0,0,0,0,0,0,0,0,0,0,0,0,0,0,2
266,1,0,1,0,0,0,0,0,0,0,0,0,0,0,0,1
1490,0,0,0,0,0,0,0,0,0,0,0,0,0,0,0,1
102,0,0,0,1,0,0,0,0,0,0,0,0,0,0,0,2
1255,0,0,0,0,0,0,0,0,0,0,0,0,0,0,0,2
1719,0,0,0,0,0,0,0,0,0,0,0,0,0,0,0,1
439,0,0,0,0,0,0,0,0,0,0,0,0,0,0,0,1
835,0,0,0,0,0,0,0,0,0,0,0,0,0,0,0,1
550,0,0,0,0,0,0,0,0,0,0,0,0,0,0,0,2
15,0,0,0,0,0,0,0,0,0,0,0,1,1,0,0,3
841,0,0,0,0,0,0,0,0,0,0,0,0,0,0,0,2
898,0,0,0,0,0,0,0,0,0,0,0,0,0,0,0,1
1442,0,0,0,0,0,0,0,0,0,0,1,0,0,0,0,2
907,0,0,0,0,0,0,0,0,0,0,0,0,0,0,0,1
707,0,0,0,0,0,0,0,0,0,0,0,1,0,0,0,3
1482,0,0,0,0,0,0,0,0,0,0,0,0,0,0,0,2
1536,0,0,0,0,0,0,0,0,0,0,0,0,0,0,0,2
593,0,0,0,0,0,1,0,0,0,0,0,0,0,0,0,0
535,0,0,0,0,0,0,0,0,0,0,0,0,0,0,0,2
1739,0,0,0,0,0,0,0,1,0,0,1,1,0,0,0,3
1459,0,0,0,0,0,1,0,0,0,0,0,0,0,0,0,0
871,0,0,0,0,0,0,0,0,0,1,0,0,0,0,0,3
1101,0,0,0,0,0,0,0,0,0,0,0,0,0,0,0,1
842,0,0,0,0,0,0,0,0,0,0,0,0,0,0,0,2
180,0,0,0,0,0,0,0,0,0,0,0,0,0,0,0,1
760,0,1,0,0,0,0,0,0,0,0,0,0,0,0,0,1
1447,0,0,0,1,1,0,0,0,0,0,0,0,0,0,0,1
506,0,0,0,0,0,1,0,0,0,0,0,0,0,0,0,0
803,0,0,0,0,0,0,0,0,0,0,0,0,0,0,0,2
242,0,0,0,0,0,1,0,0,0,0,0,0,0,0,0,0
164,0,0,0,0,1,0,0,0,0,0,0,0,0,0,0,2
1019,0,0,0,0,0,0,0,0,0,0,0,0,0,0,0,2
1400,0,0,0,0,0,1,0,0,0,0,0,0,0,0,0,0
430,0,0,0,0,0,0,0,0,0,0,0,0,0,0,0,0
634,0,0,0,0,0,0,0,0,0,0,1,0,0,0,1,3
1026,0,0,0,0,0,1,0,0,0,0,0,0,0,0,0,0
963,0,0,1,0,0,0,0,0,0,0,0,0,0,0,0,0
930,0,0,0,0,0,0,0,0,0,0,0,0,0,0,0,2
863,1,0,1,0,0,0,0,0,0,0,0,0,0,0,0,1
42,0,1,0,0,0,0,0,0,0,0,0,0,0,0,0,0
417,0,0,0,0,0,0,0,0,0,0,0,0,0,1,0,1
1215,0,0,0,1,0,0,0,0,0,0,0,0,0,0,0,2
1232,0,0,0,0,0,0,0,0,0,0,0,0,0,0,0,2
663,0,0,0,0,0,0,1,0,0,0,0,0,1,0,0,2
645,0,0,0,0,0,0,0,0,0,0,0,0,0,0,0,2
1406,0,0,0,0,0,0,0,0,0,0,0,0,0,0,1,1
870,0,0,0,0,0,0,0,0,1,0,0,0,0,0,0,3
1707,0,0,0,0,0,0,0,0,0,0,0,0,0,0,0,1
319,0,0,0,0,0,0,0,0,0,0,1,0,0,0,0,2
1064,0,0,0,0,0,0,0,0,0,0,0,0,0,0,0,1
107,0,0,0,0,0,0,0,0,0,0,0,0,0,0,0,2
1244,0,0,0,0,0,1,0,0,0,0,0,0,0,0,0,1
574,0,0,0,0,0,0,0,0,0,1,0,1,0,0,0,3
1712,0,0,0,0,0,1,0,0,0,0,0,0,0,0,0,0
1528,0,1,0,0,0,0,0,0,0,0,0,0,0,0,0,0
1484,0,0,0,0,0,0,0,0,0,0,0,0,0,0,0,1
971,0,0,0,0,0,0,0,0,0,0,0,0,0,0,0,1
1625,0,0,0,0,0,0,0,0,0,0,0,0,0,0,0,2
1228,0,0,0,0,0,0,0,0,0,0,0,0,0,0,0,0
1070,0,0,0,0,0,0,0,0,0,0,0,0,0,0,0,2
831,0,0,0,0,0,0,0,0,0,0,0,0,0,0,0,1
1828,0,1,0,0,0,0,0,0,0,0,0,0,0,0,0,0
734,0,0,0,0,0,0,0,0,0,0,0,0,0,0,0,1
206,0,0,0,0,0,0,0,0,0,0,0,0,0,0,0,2
914,0,0,0,0,0,0,0,0,0,0,0,0,0,0,0,2
970,0,1,0,0,0,0,0,0,0,0,0,0,0,0,0,0
459,1,0,0,0,0,0,0,0,0,0,0,0,0,0,0,1
447,0,0,0,0,0,0,0,0,0,0,0,0,0,0,0,1
1858,0,0,0,1,0,0,0,0,0,0,0,0,0,1,0,2
858,0,0,0,0,0,1,0,0,0,0,0,0,0,0,0,2
367,0,0,0,0,0,0,0,0,0,0,0,0,1,0,0,2
1595,0,0,0,0,0,0,0,0,0,0,1,1,0,0,0,3
1684,0,0,0,0,0,0,0,0,0,0,0,0,0,0,0,1
1785,0,0,0,0,0,0,0,0,0,0,0,0,0,0,0,2
1676,0,0,0,0,0,0,0,0,0,0,1,0,0,0,0,2
785,0,0,0,0,0,0,0,0,1,0,0,1,0,0,0,3
1537,0,0,0,0,0,0,0,0,0,0,0,0,1,0,0,2
1099,0,0,0,0,0,0,0,0,0,0,0,0,1,0,0,2
558,1,0,0,0,0,0,1,0,0,0,0,1,0,1,0,3
171,0,0,0,0,0,1,0,0,0,0,0,0,0,0,0,0
708,0,0,0,0,0,0,0,0,0,0,0,0,0,0,0,3
811,0,0,0,0,0,0,0,0,0,0,0,0,0,0,0,1
1029,0,0,0,0,0,0,0,0,0,0,0,1,0,0,0,3
1183,0,0,0,0,0,0,0,0,0,0,0,0,1,0,0,1
993,0,0,0,0,0,0,0,0,0,0,0,0,0,0,0,1
1148,0,0,0,0,0,0,0,0,0,0,0,0,0,0,0,3
601,0,0,0,1,0,0,0,0,0,0,0,0,0,0,0,2
607,0,1,0,0,0,0,0,0,0,0,0,0,0,0,0,0
414,0,0,0,0,0,0,0,1,0,0,1,1,0,0,0,3
1649,0,0,0,0,0,0,0,0,0,0,0,0,0,0,0,1
428,0,0,0,0,0,0,0,0,0,0,0,0,0,0,0,1
1658,0,0,0,0,0,0,0,0,0,0,0,0,0,0,0,1
1220,0,1,0,0,0,0,0,0,0,0,0,0,0,0,0,0
512,0,0,0,0,0,1,0,0,0,0,0,0,0,0,0,0
321,0,0,0,0,1,0,0,0,0,0,0,0,0,0,0,2
1882,0,0,0,0,0,0,0,0,0,0,0,0,0,0,0,1
1464,0,0,0,0,0,1,0,0,0,0,0,0,0,0,0,0
1711,0,0,0,0,0,0,1,0,0,0,0,0,0,0,0,1
701,0,0,0,0,0,0,0,0,0,0,0,0,1,0,0,2
1358,0,0,0,0,0,0,0,0,0,0,0,0,0,0,0,2
1682,1,0,0,0,0,0,0,0,0,0,0,1,0,0,0,3
1765,0,0,0,1,0,0,0,0,0,0,0,0,0,0,0,2
476,0,0,0,0,0,0,0,0,0,1,0,0,1,0,0,3
1837,0,0,0,0,0,0,0,0,0,0,0,0,0,0,0,1
1348,0,0,0,0,0,1,0,0,0,0,0,0,0,0,0,0
679,1,0,0,0,1,0,0,0,0,0,0,0,0,0,0,2
531,0,0,0,0,1,0,0,0,0,0,0,0,0,0,0,1
1834,0,0,0,0,0,0,0,0,0,0,0,1,0,0,0,3
1591,0,0,0,0,0,0,0,0,0,0,0,0,1,0,0,2
1178,0,0,0,0,0,1,0,0,0,0,0,0,0,0,0,0
403,0,0,0,0,0,0,0,0,0,0,0,0,0,0,0,2
490,0,0,0,0,0,0,0,0,0,0,0,0,0,0,0,1
463,0,0,0,0,0,0,1,0,0,0,0,0,1,0,0,1
1081,0,0,0,0,0,0,0,0,0,0,0,0,0,0,0,1
50,0,0,0,0,0,0,0,0,0,0,0,0,1,0,0,1
1009,0,0,0,0,0,0,0,0,0,0,0,0,0,0,0,1
1089,0,0,0,0,0,0,0,0,0,0,0,0,1,0,0,1
1728,0,0,0,0,0,0,0,0,0,0,1,1,0,0,0,3
139,0,0,0,0,0,0,0,0,0,0,1,0,0,0,0,2
1078,0,0,0,0,0,1,0,0,0,0,0,0,0,0,0,0
1632,0,0,0,1,0,0,0,0,0,0,0,0,0,0,0,2
555,0,0,0,0,0,0,0,0,0,0,0,0,0,0,0,2
744,0,0,0,0,1,1,0,0,0,0,0,0,0,0,0,2
427,0,0,0,0,0,0,0,1,0,0,0,0,0,0,0,3
115,0,1,0,0,0,0,0,0,0,0,0,0,0,0,0,0
379,0,0,0,0,0,0,0,0,0,0,0,0,1,0,0,2
1589,0,0,0,0,0,0,0,0,0,0,0,0,0,0,0,2
1066,0,0,0,0,0,0,0,0,0,0,0,0,0,0,0,1
509,0,0,0,0,0,0,0,0,0,0,0,0,0,0,0,1
103,0,0,1,0,0,0,0,0,0,0,0,0,0,0,0,0
382,0,0,0,0,0,0,0,0,0,0,0,0,0,0,0,3
890,0,0,0,0,0,0,0,0,0,0,0,0,0,0,0,1
805,0,0,0,0,0,0,0,0,0,0,0,0,0,0,0,2
758,0,0,0,1,0,0,0,0,0,0,0,0,1,0,0,2
240,0,0,0,0,0,1,0,0,0,0,0,0,0,0,0,0
586,0,0,0,0,0,0,0,0,0,0,0,0,0,0,0,2
1628,0,0,0,0,0,0,0,0,0,0,0,0,0,0,0,1
1387,0,0,0,0,0,1,0,0,0,0,0,1,0,0,0,3
5,0,0,0,0,0,1,0,0,0,0,0,0,0,0,0,0
1801,0,0,0,0,0,0,0,0,1,0,1,1,0,0,0,3
532,0,0,0,0,0,0,0,0,0,0,0,0,0,0,0,3
887,0,0,0,0,0,0,0,0,0,0,1,0,0,0,0,2
1237,0,0,0,0,0,0,0,0,0,0,0,0,0,0,0,1
1641,0,0,0,0,0,0,0,0,1,0,0,1,0,0,0,3
11,0,0,0,0,0,0,0,0,0,0,0,1,0,0,0,3
374,0,0,0,0,0,0,0,0,0,0,0,1,0,0,0,3
1607,0,0,0,0,0,1,0,0,0,0,0,0,0,0,0,0
1417,0,1,0,0,0,0,0,0,0,0,0,0,0,0,0,1
1206,0,0,0,0,0,0,0,0,0,0,1,0,0,0,0,2
1097,0,0,0,0,0,0,0,0,0,0,1,0,0,0,0,2
1883,0,0,0,0,0,0,0,0,0,0,0,1,0,0,0,3
771,0,0,0,0,0,1,0,0,0,0,0,0,0,0,0,0
1364,0,0,0,0,0,0,0,0,0,0,0,0,0,0,0,2
623,0,1,0,0,0,0,0,0,0,0,0,0,0,0,0,0
1322,0,0,0,0,0,0,0,0,0,0,0,0,0,0,0,2
1630,0,0,0,0,0,1,0,0,0,0,0,0,0,0,0,0
238,0,0,0,0,0,0,0,0,0,0,1,0,0,0,0,2
1640,0,0,0,0,0,0,0,0,0,0,0,0,0,0,1,2
553,0,0,0,0,0,0,0,0,0,0,0,0,0,0,0,2
217,0,0,0,0,0,0,0,0,0,1,0,0,0,0,0,2
563,0,0,0,0,0,0,0,0,0,0,0,1,0,0,0,3
1579,0,0,0,0,0,0,0,0,0,1,0,1,0,0,0,3
1553,0,0,0,0,0,0,0,0,0,0,0,0,1,0,0,2
976,0,0,0,0,0,0,0,0,0,0,0,0,1,0,0,2
127,0,0,0,0,0,1,0,0,0,0,0,0,0,0,0,0
1840,0,0,0,0,0,0,0,0,0,0,0,0,0,0,0,1
560,0,0,0,1,0,0,0,0,0,1,0,0,1,0,0,2
1217,0,0,0,0,0,0,0,0,0,0,0,0,0,0,0,1
1351,0,0,0,0,0,0,0,0,0,0,0,0,0,0,0,1
1316,0,0,0,0,0,1,0,0,0,0,0,0,0,0,0,0
650,0,0,0,0,0,0,0,0,0,0,0,0,0,0,0,2
1145,0,1,0,0,0,0,0,0,0,0,0,0,0,0,0,0
247,0,0,0,0,0,0,0,0,0,0,0,0,1,0,0,3
1258,0,0,0,0,0,1,0,0,0,0,0,0,0,0,0,0
1560,0,0,0,1,0,0,0,0,0,0,0,0,0,0,0,1
1686,0,0,0,0,0,1,0,0,0,0,0,0,0,0,0,2
725,0,0,0,0,0,0,0,0,0,0,0,1,0,0,0,3
1129,1,0,0,0,0,0,0,0,0,0,0,1,0,0,0,2
1313,0,0,0,0,0,0,0,0,0,0,0,0,0,0,0,2
304,0,0,0,0,0,0,0,1,0,1,0,0,0,0,0,3
327,0,0,0,0,0,1,0,0,0,0,0,0,0,0,0,0
1323,0,0,0,0,0,0,0,0,0,1,0,1,0,0,0,3
1776,0,0,0,0,0,0,0,0,0,0,0,0,1,0,0,3
454,0,1,0,0,0,0,0,0,0,0,0,0,0,0,0,0
802,0,0,0,0,0,0,1,0,0,0,0,0,0,0,0,2
323,0,0,0,0,0,0,0,0,0,0,0,0,0,0,0,2
1646,0,0,0,0,0,1,0,0,0,0,0,0,0,0,0,0
167,0,0,0,0,0,1,0,0,0,0,0,0,0,0,0,0
443,0,0,0,0,0,0,0,0,0,0,0,0,0,0,0,2
1165,0,0,0,0,0,0,0,0,0,0,0,1,1,0,0,3
431,1,0,0,0,0,0,0,0,0,0,0,0,1,0,0,2
339,0,0,0,0,0,0,0,0,0,0,0,0,0,0,0,1
457,0,0,0,0,0,1,0,0,0,0,0,0,0,0,0,0
878,0,0,0,0,0,0,0,0,0,0,0,0,0,0,0,3
652,0,0,0,0,0,0,0,0,0,0,0,0,0,0,0,3
946,0,0,0,0,0,0,0,0,1,0,0,0,0,0,0,2
985,0,0,0,0,1,0,0,0,0,0,0,0,1,1,0,2
793,0,0,0,0,1,0,0,0,0,0,0,0,0,0,0,2
813,0,0,0,0,0,0,0,0,0,0,0,0,0,0,0,1
539,1,0,0,1,0,0,0,0,0,0,0,0,1,0,0,2
900,0,0,0,0,0,0,0,0,0,0,0,0,0,0,0,1
98,0,0,0,0,0,1,0,0,0,0,0,0,0,0,0,0
1890,0,0,0,0,0,0,0,0,1,1,0,1,0,0,0,3
1787,0,0,0,0,0,0,0,0,0,0,0,0,0,0,0,2
1664,0,1,0,0,0,0,0,0,0,0,0,0,0,0,0,0
1842,0,0,0,0,0,0,0,0,0,0,0,1,0,0,0,3
501,0,0,0,0,0,1,0,0,0,0,0,0,0,0,0,2
226,0,0,0,0,0,0,0,0,0,1,0,1,0,0,0,3
1497,0,0,0,0,0,0,0,0,0,0,0,0,0,0,1,2
672,0,0,0,0,0,1,0,0,0,0,0,0,0,0,0,0
416,0,0,0,0,0,0,0,0,0,0,0,0,0,0,1,2
1205,0,0,0,0,0,0,0,0,0,0,1,0,0,0,0,2
1133,0,0,0,0,0,0,0,0,0,0,0,0,0,0,0,1
1403,0,0,0,0,0,0,0,0,0,1,0,1,0,0,0,3
511,1,0,0,0,0,0,0,0,0,0,0,0,0,0,0,2
1121,0,0,0,0,0,0,0,0,0,0,0,0,0,0,0,3
1203,0,0,0,0,0,0,0,0,0,0,0,0,0,0,0,3
1650,0,0,0,0,0,0,0,0,0,0,0,0,0,0,0,1
1283,0,0,0,0,0,0,0,0,0,0,0,0,0,0,0,2
1831,0,0,0,0,0,0,0,0,0,0,0,0,1,0,0,2
605,0,0,0,0,0,0,0,0,0,0,0,1,0,0,0,3
717,0,0,0,0,0,0,0,0,0,0,0,0,0,0,0,2
604,1,0,0,1,0,0,0,0,0,0,0,0,0,0,0,1
583,0,0,0,1,0,0,0,0,0,0,0,0,0,0,0,2
129,0,0,0,0,0,0,0,0,0,0,0,0,0,0,0,3
245,0,0,0,0,0,1,0,0,0,0,0,0,0,0,0,0
1382,0,0,0,0,0,0,0,0,0,0,0,0,0,0,0,3
1269,0,0,0,0,0,1,0,0,0,0,0,0,0,0,0,0
936,0,0,0,0,0,0,0,0,0,0,0,0,1,0,0,1
1699,0,0,0,0,0,0,0,0,0,0,0,0,0,0,0,3
567,0,0,0,0,0,0,0,0,0,0,1,0,1,0,0,2
937,1,0,0,0,0,0,0,0,0,0,0,0,0,0,0,2
1260,1,0,0,1,0,0,0,0,0,0,0,0,0,1,0,1
481,0,0,0,0,0,1,0,0,0,0,0,0,0,0,0,0
1512,0,0,0,0,0,0,0,0,0,0,0,0,0,0,0,2
520,0,0,0,0,0,0,0,0,0,0,1,0,0,0,0,1
1813,0,0,0,0,0,0,0,0,0,0,0,0,0,0,0,1
1109,0,0,0,0,0,0,0,0,0,0,0,0,0,0,0,1
1685,0,0,0,0,0,1,0,0,0,0,0,0,0,0,0,0
538,0,0,0,0,0,0,0,0,0,0,0,0,1,0,0,2
1666,0,0,0,0,0,0,0,0,0,0,0,0,0,0,0,3
1849,0,0,0,0,0,0,0,0,0,0,0,0,1,0,0,3
34,0,0,0,0,0,1,0,0,0,0,0,0,0,0,0,0
525,1,0,0,0,0,0,0,0,0,0,0,0,0,0,0,1
460,0,0,0,0,0,0,0,0,0,0,0,0,0,0,0,1
141,0,0,0,0,0,0,0,0,0,0,0,1,1,0,0,3
1245,0,1,0,0,0,0,0,0,0,0,0,0,0,0,0,0
1881,0,0,0,0,0,0,0,0,0,1,0,1,0,0,0,3
1110,0,0,0,0,0,0,0,0,0,0,0,0,0,0,0,1
166,0,0,0,0,0,0,0,0,0,0,0,0,0,0,0,1
1797,0,0,0,0,0,1,0,0,0,0,0,0,0,0,0,0
1835,0,0,0,0,0,0,0,0,0,0,0,0,0,0,0,1
1295,0,0,0,0,0,0,0,0,0,0,0,0,0,0,0,2
219,0,0,0,0,0,0,0,0,0,0,0,0,0,0,0,1
738,0,0,0,0,0,1,0,0,0,0,0,0,0,0,0,0
310,0,0,0,0,0,0,0,0,1,0,0,0,1,0,0,2
733,0,0,1,0,0,0,0,0,0,0,0,0,0,0,0,1
1240,0,1,0,0,0,0,0,0,0,0,0,0,0,0,0,0
806,0,0,0,0,0,0,0,0,0,0,0,0,0,0,0,2
909,0,0,0,0,0,0,0,0,0,0,0,0,0,0,0,2
773,0,0,0,0,0,0,0,0,0,0,0,0,1,0,0,2
1281,0,0,0,0,0,0,0,0,0,0,0,0,0,0,0,1
1524,0,0,0,0,0,0,0,0,0,0,0,0,0,0,0,1
1820,0,0,0,0,0,0,0,0,0,0,0,0,0,0,0,1
943,0,0,0,0,0,0,0,0,0,0,0,0,0,0,0,3
840,0,0,0,0,0,0,0,0,0,1,0,0,0,0,0,2
65,1,0,0,0,1,0,0,0,0,0,0,0,0,0,0,2
273,0,0,0,0,0,0,0,0,0,0,1,0,1,0,0,2
1588,0,0,0,1,0,0,0,0,0,0,0,0,0,0,0,2
124,0,0,0,0,0,1,0,0,0,0,0,0,0,0,0,1
1002,0,0,0,0,0,0,0,0,0,0,1,0,0,0,0,2
1251,0,0,0,0,0,0,0,1,0,1,0,1,0,0,0,3
13,0,0,0,0,0,0,0,0,0,0,0,1,0,0,0,3
1807,0,0,0,0,0,0,0,0,0,0,0,0,0,0,0,1
770,0,0,0,0,1,0,0,0,0,0,0,0,0,0,0,2
429,0,0,0,0,1,0,0,0,0,0,0,0,0,0,0,2
1188,0,0,0,0,0,0,0,0,0,0,0,0,0,0,0,2
8,0,0,0,0,0,0,0,0,0,0,0,0,0,0,0,1
1458,0,0,0,0,0,0,0,0,0,0,1,0,0,0,0,2
1576,1,0,0,0,0,0,0,0,0,1,0,0,0,0,0,2
1185,0,0,0,0,0,0,0,0,0,0,0,1,0,0,0,3
275,0,0,0,0,0,0,1,0,0,0,0,1,0,0,0,3
818,0,0,0,0,0,0,0,0,0,0,0,0,1,0,0,2
722,0,0,0,0,0,0,0,0,0,0,0,0,0,0,0,1
398,0,0,0,0,0,1,0,0,0,0,0,0,0,0,0,0
800,0,0,0,0,0,0,0,0,0,0,0,0,0,0,0,1
742,0,0,0,0,0,0,0,0,0,0,1,0,0,0,0,2
1763,0,0,0,0,0,0,0,0,0,0,0,0,0,0,0,3
1394,0,0,0,0,0,1,0,0,0,0,0,0,0,0,0,0
1008,0,0,0,0,0,0,0,0,0,0,0,0,0,0,0,2
1401,0,0,0,0,0,0,0,0,0,0,0,1,0,0,0,3
105,0,0,0,0,0,0,0,0,0,1,1,1,0,0,0,3
246,0,0,0,0,0,1,0,0,0,0,0,0,0,0,0,2
1144,0,0,0,0,0,0,0,0,0,0,1,1,0,0,0,3
1533,0,0,0,0,0,0,0,0,0,0,0,0,1,0,0,2
659,0,0,0,0,0,0,0,0,0,0,0,0,0,0,0,2
1277,0,0,0,0,0,0,0,0,0,0,0,0,0,0,0,1
1398,0,0,0,0,0,0,0,0,1,0,0,1,0,0,0,3
1505,0,0,0,0,0,1,0,0,0,0,0,0,0,0,0,0
783,0,0,0,0,1,0,0,0,0,0,0,0,0,0,0,1
917,0,0,0,0,1,0,0,0,0,0,0,0,0,0,0,1
1580,0,0,0,0,0,0,0,0,0,0,0,0,0,0,0,1
1502,0,0,0,0,0,0,0,0,1,0,0,0,0,0,0,2
450,0,0,0,0,0,0,0,0,0,0,0,0,0,0,0,0
185,1,0,0,0,0,0,0,0,0,0,0,0,1,0,0,2
1347,0,0,0,0,0,0,0,0,0,0,0,1,1,0,0,3
1000,0,0,0,0,0,1,0,0,0,0,0,0,0,0,0,0
1308,0,0,0,0,0,1,0,0,0,0,0,0,0,0,0,0
1672,0,0,0,0,0,0,0,0,0,0,1,1,0,0,0,3
84,0,0,0,0,0,0,0,0,0,0,0,0,0,0,0,1
1661,0,0,0,0,0,1,0,0,0,0,0,0,0,0,0,0
1132,0,1,0,0,0,0,0,0,0,0,0,0,0,0,0,0
920,0,0,0,0,0,0,0,0,0,0,0,1,0,0,0,3
1674,0,0,0,1,0,0,0,0,0,1,0,0,1,0,0,2
1404,0,0,0,0,0,0,0,0,0,0,0,0,0,0,0,1
1614,0,0,0,0,0,1,0,0,0,0,0,0,0,0,0,0
1756,0,0,0,0,0,0,0,0,0,0,0,0,0,0,0,3
39,0,0,0,0,0,1,0,0,0,0,0,0,0,0,0,0
862,0,1,0,0,0,0,0,0,0,0,0,0,0,0,0,0
1738,0,0,0,0,0,0,0,0,0,0,0,0,0,0,0,1
203,1,0,0,1,0,0,0,0,0,1,0,0,1,0,0,2
1567,0,0,0,0,0,0,0,0,0,1,1,0,0,0,0,3
1010,0,0,0,0,0,0,0,0,0,0,0,0,0,0,0,1
594,0,0,0,0,0,0,0,0,0,0,0,1,0,0,0,3
1612,0,0,0,1,0,0,0,0,0,0,0,0,0,0,0,2
1833,0,0,0,0,0,0,0,0,0,0,0,1,0,0,0,3
1181,1,0,0,0,0,0,0,0,0,0,0,0,0,0,0,1
1871,0,0,0,0,0,0,0,0,1,0,1,1,0,0,0,3
1562,0,0,0,0,0,0,0,0,0,0,0,0,0,0,0,2
886,0,0,0,0,0,0,0,0,0,0,0,0,0,0,0,3
1053,0,0,1,0,0,0,0,0,0,0,0,0,0,0,0,1
1892,0,0,0,0,0,1,0,0,0,0,0,0,0,0,0,0
210,0,1,0,0,0,0,0,0,0,0,0,0,0,0,0,0
1180,0,1,0,0,0,0,0,0,0,0,0,0,0,0,0,0
1753,0,0,0,0,0,1,0,0,0,0,0,0,0,0,0,0
1031,1,0,0,0,0,0,0,0,1,0,0,0,1,0,0,2
341,0,0,0,0,0,0,0,0,0,0,0,0,0,0,0,3
1736,0,0,0,0,0,1,0,0,0,0,0,0,0,0,0,2
895,0,0,0,0,0,1,0,0,0,0,0,0,0,0,0,0
40,0,0,0,0,0,0,0,0,0,0,0,0,0,0,0,3
819,1,0,0,0,0,1,0,0,0,0,1,0,1,0,0,2
885,0,0,0,0,0,1,0,0,0,0,0,0,0,0,0,0
625,0,0,0,0,0,0,0,0,1,1,0,1,0,0,0,3
843,0,0,0,0,0,0,0,0,0,0,0,0,0,0,0,1
927,0,0,0,0,0,0,0,0,0,0,0,0,0,0,0,0
483,0,0,0,0,0,0,0,0,0,0,0,0,0,0,0,0
865,0,0,0,0,0,0,0,0,1,0,0,0,0,0,0,2
1362,0,0,0,0,0,1,0,0,0,0,0,0,0,0,0,0
1637,0,0,0,0,0,0,0,0,0,0,0,0,0,0,0,2
598,0,0,0,0,0,0,0,0,0,0,0,1,1,0,0,3
222,0,0,0,0,0,0,0,0,0,0,0,0,0,0,0,1
67,0,0,0,0,0,0,0,0,0,1,0,1,0,0,0,3
1721,0,0,0,0,0,1,0,0,0,0,0,0,0,0,0,1
334,0,0,0,0,0,0,0,0,0,0,0,0,0,0,0,1
1799,0,0,0,0,0,0,0,0,0,0,0,0,1,0,0,2
1365,0,0,0,0,0,0,0,0,0,0,0,0,0,0,0,1
1466,0,0,0,0,0,0,0,0,0,0,0,0,0,0,0,1
1407,0,0,0,0,0,0,1,0,0,1,0,1,0,0,0,3
1055,0,0,0,0,0,1,0,0,0,0,0,0,0,0,0,0
458,0,0,0,0,0,0,0,0,0,1,0,1,0,0,0,3
355,0,0,0,0,0,0,0,0,0,0,0,0,0,0,0,0
324,0,0,0,0,0,1,0,0,0,0,0,0,0,0,0,0
1542,0,0,0,0,0,0,0,0,0,0,0,0,0,0,0,1
712,0,0,0,0,0,0,0,0,0,1,0,1,0,0,0,3
674,0,0,0,0,0,0,0,0,0,1,0,0,0,0,0,2
267,0,0,0,0,1,0,0,0,0,0,0,0,0,0,0,1
514,0,0,0,0,0,0,0,0,0,1,0,0,0,0,0,2
866,0,0,0,0,0,0,0,0,0,0,0,1,1,0,0,3
497,0,0,0,0,0,1,0,0,0,0,0,0,0,0,0,0
1845,0,0,0,0,0,0,0,0,0,0,0,0,1,0,1,2
190,0,0,0,0,0,0,0,0,0,0,0,0,0,0,0,0
1166,0,0,0,0,0,0,0,0,0,0,0,0,1,0,0,2
1510,0,0,0,0,0,0,0,0,0,0,0,0,0,0,0,1
853,0,1,0,0,0,0,0,0,0,0,0,0,0,0,0,0
1657,0,0,0,0,0,0,0,0,0,0,0,0,1,0,0,2
1065,0,0,1,0,0,0,0,0,0,0,0,0,0,0,0,0
1572,0,0,0,0,0,1,0,0,0,0,0,0,0,0,0,0
1506,0,0,0,0,0,0,0,0,0,0,0,0,0,0,0,2
1472,1,0,0,0,0,0,0,0,0,0,0,0,0,0,0,2
1636,0,1,0,0,0,0,0,0,0,0,0,0,0,0,0,0
513,0,0,0,0,0,0,0,0,0,0,0,1,0,0,0,3
195,0,0,0,0,0,0,0,0,0,0,0,0,0,0,0,0
816,0,0,0,0,0,0,0,0,0,0,0,0,0,0,0,3
1271,0,0,0,0,0,0,0,0,0,0,0,0,0,0,0,1
12,0,0,0,0,0,0,0,0,0,0,0,0,0,0,0,1
218,0,0,0,0,0,0,0,0,0,0,0,0,0,0,0,1
916,0,0,0,0,0,0,0,0,0,0,0,0,0,0,0,2
1225,0,1,0,0,0,0,0,0,0,0,0,0,0,0,0,0
1041,0,0,0,0,0,0,0,0,0,0,0,0,0,0,0,1
472,0,0,0,0,0,0,0,0,0,0,0,0,0,0,0,1
1758,0,1,0,0,0,0,0,0,0,0,0,0,0,0,0,0
989,0,0,0,0,0,0,0,0,0,0,0,0,0,0,0,3
1312,0,0,0,0,0,0,0,0,0,0,0,0,0,0,0,1
409,0,0,0,0,0,1,0,0,0,0,0,0,0,0,0,1
360,0,0,0,0,0,0,0,0,0,0,0,1,0,0,0,3
312,0,0,0,0,0,1,0,0,0,0,0,0,0,0,0,0
81,1,0,0,0,0,0,0,0,0,0,0,0,1,0,0,2
233,0,0,0,0,0,1,0,0,0,0,0,0,0,0,0,0
1704,0,0,0,0,0,1,0,0,0,0,0,0,0,0,0,2
545,0,0,0,0,0,0,0,0,0,0,0,0,0,0,0,0
1032,0,0,1,0,0,0,0,0,0,0,0,0,0,0,0,1
1275,1,0,0,0,0,0,0,0,0,0,1,0,0,0,0,1
200,0,0,0,0,0,0,0,0,0,0,0,0,0,0,0,2
1872,0,0,0,1,0,1,0,0,0,0,0,0,0,0,0,2
763,0,0,0,0,0,0,0,0,0,0,0,1,0,0,0,3
721,0,0,0,0,0,0,0,0,0,1,0,0,1,0,0,2
1254,0,0,0,0,0,0,0,0,0,0,0,0,1,0,0,2
1508,0,0,0,0,0,1,0,0,0,0,0,0,0,0,0,0
995,0,0,0,0,0,0,0,0,0,0,0,0,0,0,0,3
1060,0,0,0,0,0,0,0,0,0,0,0,0,0,0,0,3
983,0,0,0,0,0,1,0,0,0,0,0,0,0,0,0,0
393,0,0,0,0,1,0,0,0,0,0,0,0,0,0,0,1
1330,0,0,0,0,0,1,0,0,0,0,0,0,0,0,0,0
629,0,1,0,0,0,0,0,0,0,0,0,0,0,0,0,0
1463,0,0,0,0,0,0,0,0,0,1,0,0,0,0,0,3
1783,0,0,0,0,0,1,0,0,0,0,0,0,0,0,0,0
987,0,0,0,0,0,0,0,0,0,0,0,0,0,0,0,1
78,0,1,0,0,0,0,0,0,0,0,0,0,0,0,0,0
1411,0,0,0,0,0,0,0,0,1,0,0,0,0,0,0,2
1494,0,0,0,0,0,0,0,0,0,0,0,0,0,0,0,2
33,0,0,0,0,0,0,0,0,0,0,0,0,0,0,0,0
700,0,0,0,0,0,1,0,0,0,0,0,0,0,0,0,0
110,0,1,0,0,0,0,0,0,0,0,0,1,0,0,0,3
1303,0,0,0,0,0,1,0,0,0,0,0,0,0,0,0,0
1300,0,0,0,0,0,0,0,0,0,0,0,0,0,0,0,2
1476,0,0,0,0,0,0,0,0,0,0,0,0,0,0,0,0
675,0,0,0,0,0,0,0,0,1,0,0,0,0,1,0,2
1088,0,0,0,0,0,0,0,0,0,0,0,1,1,0,0,3
596,0,0,0,0,0,0,0,0,0,0,0,0,0,0,0,0
964,0,0,0,1,0,0,0,0,0,0,0,0,0,0,0,1
984,0,0,0,0,0,0,0,0,0,0,0,0,0,0,0,1
1824,0,0,0,0,0,0,0,0,0,0,0,0,0,0,0,3
869,0,0,0,0,0,0,0,0,0,0,0,1,0,0,0,3
297,0,0,0,0,0,0,0,0,1,0,0,0,0,0,0,2
1238,0,1,0,0,0,0,0,0,0,0,0,0,0,0,0,0
1063,0,0,0,0,0,1,0,0,0,0,0,0,1,0,0,2
456,0,0,0,0,0,0,0,0,0,0,0,0,0,0,0,3
408,0,0,0,0,0,0,0,0,0,0,0,0,0,0,0,0
1028,0,0,0,0,0,0,0,0,0,0,0,0,0,0,0,3
378,0,0,0,0,0,1,0,0,0,0,0,0,0,0,0,0
1884,0,0,0,0,0,0,0,0,0,0,0,0,0,0,0,2
1224,0,0,0,0,0,1,0,0,0,0,0,0,0,1,0,2
1670,0,0,0,0,0,1,0,0,0,0,0,0,0,0,0,1
363,0,0,0,0,0,0,0,0,0,0,0,0,0,0,0,2
696,0,0,0,0,0,0,0,0,0,0,0,0,0,0,0,3
1781,0,0,0,0,0,0,0,0,0,0,0,1,0,0,0,3
272,0,0,0,1,0,1,0,0,0,0,1,0,0,0,0,1
1859,0,1,0,0,0,0,0,0,0,0,0,0,0,0,0,0
281,1,0,0,0,0,1,0,0,0,0,0,0,0,0,0,1
438,0,0,0,0,1,0,0,0,0,0,0,0,0,0,0,1
926,0,0,0,0,0,1,0,0,0,0,0,0,0,0,0,0
329,0,0,0,0,0,0,0,0,0,0,0,0,0,1,0,1
1296,0,0,0,0,0,0,0,0,0,0,0,0,0,0,0,1
487,0,0,0,0,0,0,0,0,0,0,0,0,0,1,0,1
1336,0,0,0,0,0,0,0,0,0,1,1,1,0,0,0,3
568,1,0,0,0,0,0,0,0,0,0,0,0,0,0,0,1
962,0,0,0,0,0,0,0,0,0,0,0,0,0,0,1,2
1435,0,0,0,0,0,1,0,0,0,0,0,0,0,0,0,0
1234,0,0,0,0,1,0,0,0,0,0,0,0,0,0,0,1
991,0,0,0,0,0,1,0,0,0,0,0,0,0,0,0,0
114,0,0,0,0,0,0,0,0,0,0,0,0,1,0,0,2
516,0,0,0,0,0,0,0,0,0,0,0,0,0,0,0,1
277,0,0,0,0,0,0,0,0,0,0,0,0,0,0,0,1
58,0,0,0,0,1,0,0,0,0,0,0,0,0,0,0,2
1846,0,0,0,0,0,0,0,0,0,0,0,0,0,0,0,2
1107,0,0,0,0,0,0,0,0,0,0,0,0,1,0,0,2
1025,0,0,0,0,0,1,0,0,0,0,0,0,0,0,0,0
1469,0,0,0,0,0,0,0,0,0,1,0,0,1,0,0,2
1479,0,0,0,0,0,0,0,0,0,0,0,1,0,0,0,3
150,0,0,0,0,0,0,0,0,1,0,0,0,0,0,0,3
404,0,0,0,0,0,0,0,0,0,0,1,0,0,0,0,2
187,0,0,0,0,0,0,0,0,0,0,0,0,0,0,0,1
1098,0,0,0,0,0,0,0,0,0,1,1,0,0,0,0,3
1474,0,0,0,0,0,0,0,0,0,0,0,0,0,0,0,2
448,0,0,0,0,0,0,0,0,0,0,0,0,0,0,0,2
274,0,0,0,0,0,0,0,0,0,0,0,0,0,0,0,3
919,0,0,0,0,0,0,0,0,0,0,0,0,0,0,0,2
556,0,0,0,0,0,0,0,0,0,0,0,0,1,0,0,2
1586,0,0,0,0,1,0,0,0,0,0,0,0,0,0,0,1
288,0,0,0,0,0,0,0,0,0,0,0,0,1,0,0,2
400,0,0,0,0,0,0,0,0,0,0,0,0,0,0,0,3
1891,0,0,0,0,0,0,0,0,0,0,0,0,0,0,0,2
1117,0,0,0,0,0,1,0,0,0,0,0,0,0,0,0,0
826,0,0,0,0,0,0,0,0,0,0,1,1,0,0,0,3
1665,1,0,0,0,0,0,1,0,0,0,0,0,0,0,0,1
1455,0,0,0,0,0,0,0,0,0,0,0,1,1,0,0,3
101,0,0,0,0,0,0,0,0,0,0,0,1,0,0,0,3
196,0,0,0,0,0,0,0,0,0,0,0,1,0,0,0,3
600,0,0,0,0,0,0,0,0,0,0,0,0,0,0,0,3
290,1,0,0,0,0,0,0,0,0,0,1,0,1,0,0,2
910,0,0,0,0,0,1,0,0,0,0,0,0,0,0,0,0
1732,0,0,0,0,0,0,0,0,0,0,0,0,0,0,0,1
822,0,0,0,0,0,1,0,0,0,0,0,0,0,0,0,0
1423,0,0,0,0,0,0,0,0,0,0,0,0,1,0,0,3
216,0,0,0,0,0,0,0,0,0,0,0,0,0,0,0,1
1353,0,0,0,0,0,0,0,0,0,0,0,0,0,0,0,2
280,0,0,0,0,1,0,0,0,0,0,0,0,0,0,0,2
1513,0,0,0,0,0,0,0,0,0,0,0,1,0,0,0,3
1465,1,0,0,0,0,0,0,0,0,0,0,0,0,0,0,2
328,0,0,0,0,0,0,0,0,0,0,0,0,0,0,0,3
957,0,0,0,0,0,0,0,0,0,0,0,1,0,0,0,3
244,0,0,0,0,0,1,0,0,0,0,0,0,0,0,0,0
660,0,0,0,0,0,1,0,0,0,0,0,1,0,0,0,1
209,0,0,0,0,0,0,0,0,0,0,0,1,0,0,0,3
815,0,0,0,0,0,0,0,0,0,0,0,0,0,0,0,3
496,0,0,0,0,0,0,0,0,0,0,0,0,0,0,0,1
1604,0,0,0,0,0,1,0,0,0,0,0,0,0,0,0,0
307,0,0,0,0,0,0,0,0,0,0,0,0,1,0,0,2
333,0,0,0,0,0,0,0,0,0,0,0,0,0,0,0,1
477,0,0,0,0,0,0,0,0,0,0,0,0,0,0,0,2
860,0,0,0,0,0,0,0,0,0,0,0,0,0,0,0,1
1769,0,0,0,0,0,1,0,0,0,0,0,0,0,0,0,0
149,1,0,0,1,0,0,0,0,0,0,0,0,1,0,0,1
959,0,0,0,0,0,0,0,0,0,0,0,0,0,0,0,2
519,1,0,0,0,0,1,1,0,0,0,0,0,0,0,0,2
1768,0,1,0,0,0,0,0,0,0,0,0,0,0,0,0,0
234,0,0,0,0,0,1,0,0,0,0,0,0,0,0,0,0
1603,0,0,0,0,0,1,0,0,0,0,0,0,0,0,0,0
611,0,0,0,0,0,0,0,0,0,0,0,0,0,0,0,2
883,0,0,0,0,0,0,0,0,0,0,0,0,1,0,0,2
655,0,0,0,0,0,1,0,0,0,0,0,0,0,0,0,0
1644,0,0,0,0,0,0,0,0,0,0,0,0,0,0,0,3
76,0,0,0,0,0,1,0,0,0,0,0,0,0,0,0,0
484,0,0,0,0,0,0,0,0,0,0,0,0,1,0,0,2
500,0,0,0,0,0,0,0,0,0,0,1,0,0,0,0,2
1231,0,0,0,0,0,0,0,0,0,0,1,0,0,0,0,3
851,0,0,1,1,0,0,0,0,0,0,0,0,0,0,0,1
1523,0,0,0,0,0,0,0,0,0,0,0,0,0,0,0,1
1196,0,0,0,0,0,1,0,0,0,0,0,0,0,0,0,0
1104,0,0,0,0,0,1,0,0,0,0,0,0,0,0,0,0
595,0,0,0,0,0,1,0,0,0,0,0,0,0,0,0,0
651,0,0,0,0,0,0,0,0,0,0,0,0,0,0,0,2
1252,0,0,0,0,0,0,0,0,0,0,0,0,0,0,0,1
1242,0,0,0,0,0,0,0,0,0,0,0,0,0,0,0,2
1651,0,0,0,0,0,0,0,0,0,0,0,0,1,0,0,2
1532,0,0,0,0,1,0,0,0,0,0,0,0,0,1,0,2
764,0,0,0,0,0,0,0,0,1,0,0,0,0,0,0,2
1191,0,0,0,0,0,1,0,0,0,0,0,0,1,0,0,2
969,0,0,0,0,0,1,0,0,0,0,0,0,0,0,0,0
582,1,0,0,0,0,1,1,0,0,0,0,0,0,0,0,2
795,0,0,0,0,0,0,0,0,0,0,0,0,0,0,0,1
208,0,0,0,0,0,0,0,0,0,0,0,0,0,0,0,0
1377,0,0,0,0,0,0,0,0,0,0,0,0,0,0,0,1
518,0,0,0,0,0,0,0,0,0,0,0,0,0,0,0,2
1541,0,0,0,0,0,0,0,0,0,0,0,0,0,0,0,2
1744,0,0,0,0,0,0,0,0,0,0,0,0,0,0,0,2
557,0,0,0,0,0,1,0,0,0,0,0,0,0,0,0,0
143,1,0,0,0,0,0,0,0,0,0,0,0,0,0,0,2
687,0,0,0,0,0,0,0,1,0,1,0,1,0,0,0,3
1111,0,0,0,1,0,0,0,0,0,0,0,0,0,0,0,2
1015,0,0,0,0,0,0,0,0,0,0,1,0,0,0,0,2
1698,0,0,0,0,0,0,0,0,0,0,0,0,0,0,0,1
492,0,0,0,0,1,0,0,0,0,0,0,0,0,0,0,1
182,0,0,0,0,0,1,0,0,0,0,0,0,0,0,0,0
1328,0,0,0,0,0,0,0,0,0,0,0,0,0,0,0,2
975,0,0,0,0,0,0,0,0,0,0,1,0,0,0,0,2
162,0,0,1,0,0,1,0,0,0,0,0,0,0,0,0,0
28,1,0,0,0,0,0,0,0,0,0,0,0,0,0,0,2
1789,0,0,0,0,0,1,0,0,0,0,0,0,0,0,0,0
530,0,0,0,0,0,0,0,0,0,0,0,0,0,0,0,3
1012,0,1,0,0,0,0,0,0,0,0,0,0,0,0,0,0
1352,0,0,0,0,0,0,0,0,0,0,0,0,0,0,0,1
6,0,0,0,0,0,0,0,0,0,0,0,0,0,0,0,2
1162,1,0,0,0,0,0,0,0,0,0,0,0,0,0,0,1
1354,0,0,0,0,0,0,0,0,0,0,0,0,1,0,0,2
1593,0,0,0,0,0,0,0,0,0,0,0,0,0,0,0,1
517,1,0,0,0,1,0,0,0,0,0,0,0,0,0,0,2
893,0,1,0,0,0,0,0,0,0,0,0,0,0,0,0,0
1356,0,0,0,0,1,0,0,0,0,0,0,0,0,0,0,2
445,0,1,0,0,0,0,0,0,0,0,0,0,0,0,0,1
502,0,0,0,0,0,0,0,0,0,0,0,0,0,0,0,2
1337,0,0,0,0,0,0,0,0,0,1,0,0,0,0,0,3
1439,0,0,0,0,0,1,0,0,0,0,0,0,0,0,0,0
1186,0,0,0,0,0,1,0,0,0,0,0,0,0,0,0,0
213,0,0,0,0,0,1,0,0,0,0,0,0,0,0,0,0
648,0,0,0,0,0,0,0,0,0,0,0,0,0,0,0,2
1759,0,0,0,0,0,1,0,0,0,0,0,0,0,0,0,0
578,0,0,0,0,0,0,0,0,0,0,0,0,0,0,0,2
1606,0,1,0,0,0,0,0,0,0,0,0,0,0,0,0,0
796,0,0,0,0,0,0,0,0,0,0,0,0,0,0,0,2
913,0,0,0,0,0,1,0,0,0,0,0,0,0,0,0,0
527,0,0,0,0,0,0,0,0,0,0,0,0,0,0,0,1
505,0,0,0,0,0,0,0,0,0,0,0,1,0,0,0,3
978,0,0,0,0,0,0,0,0,0,0,0,0,1,0,0,2
1866,0,0,0,0,0,0,0,0,0,0,0,0,0,0,0,2
759,0,0,0,0,0,0,0,0,0,0,0,0,0,0,0,2
965,0,0,0,0,1,0,0,0,0,0,0,0,0,0,0,1
342,0,0,0,0,0,0,0,0,0,1,1,0,0,0,0,2
812,0,0,0,0,0,0,0,0,0,0,0,0,0,0,0,2
1083,0,0,0,0,0,0,0,0,0,0,0,0,0,0,0,3
716,1,0,0,0,0,0,0,0,0,0,0,0,0,0,0,1
488,0,0,0,0,0,0,0,0,0,0,0,0,0,0,0,2
60,0,0,0,0,0,1,0,0,0,0,0,0,0,0,0,0
1290,0,0,0,0,0,1,0,0,0,0,0,0,0,0,0,0
1409,0,1,0,0,0,0,0,0,0,0,0,0,0,0,0,0
43,0,0,0,0,0,0,0,0,0,0,0,0,0,0,0,1
571,0,0,0,0,0,0,0,0,0,0,0,1,0,0,0,3
199,0,0,0,0,0,0,0,0,0,0,0,0,0,0,0,2
906,0,1,0,0,0,0,0,0,0,0,0,0,0,0,0,0
435,0,0,0,0,0,0,0,0,0,0,0,0,1,0,0,2
1087,0,0,0,0,0,0,0,0,0,0,0,0,0,0,0,2
1578,0,0,0,0,0,0,0,0,0,0,0,0,0,0,0,3
1802,0,1,0,0,0,0,0,0,0,0,0,0,0,0,0,0
542,0,0,0,0,0,0,0,0,0,0,1,0,0,0,0,2
1208,0,0,0,0,0,0,0,0,0,0,0,0,0,0,1,1
299,0,0,0,1,0,0,0,0,0,0,0,0,0,0,0,2
1530,0,0,0,0,0,0,0,0,0,0,0,0,0,0,0,2
87,0,0,0,0,0,0,0,0,0,1,0,1,0,0,0,3
415,0,0,0,0,0,0,0,0,1,0,0,0,0,0,0,3
318,0,0,0,0,0,1,0,0,0,0,0,0,0,0,0,0
668,0,1,0,0,0,0,0,0,0,0,0,0,0,0,0,0
968,0,0,0,0,0,0,0,0,0,0,0,0,0,0,0,2
421,1,0,0,0,0,0,0,0,0,1,1,0,0,0,0,3
1617,1,0,0,0,0,0,0,0,0,0,0,0,1,0,0,1
1214,0,0,0,0,0,0,0,0,0,0,0,0,0,0,0,1
950,0,0,0,0,0,0,0,0,1,0,0,1,0,0,0,3
820,1,0,0,0,0,0,0,0,0,0,0,0,0,0,1,2
35,0,0,0,0,0,0,0,0,0,0,1,1,0,0,0,3
1076,0,0,0,0,0,1,0,0,0,0,0,0,0,0,0,0
1887,0,0,0,0,0,0,0,0,0,0,0,0,0,0,0,2
37,0,0,0,0,0,0,0,0,0,0,0,0,0,0,0,1
362,0,0,0,0,0,0,0,0,0,0,0,0,0,0,0,1
1733,0,0,0,0,0,0,0,0,0,0,0,0,0,0,0,3
1885,0,0,0,0,0,0,0,0,0,1,0,1,0,0,0,3
899,0,0,0,0,0,1,0,0,0,0,0,0,0,0,0,0
1749,0,0,0,0,0,0,0,0,0,0,0,0,0,0,0,2
874,0,0,0,0,0,0,0,0,0,0,0,0,0,0,0,3
680,0,0,0,0,0,1,0,0,0,0,0,0,0,0,0,2
1499,0,1,0,0,0,0,0,0,0,0,0,0,0,0,0,0
649,0,0,0,0,0,0,0,0,0,0,0,0,0,0,0,2
1342,0,0,0,0,0,0,0,0,0,0,1,1,0,0,0,3
391,0,0,0,1,0,0,0,0,0,0,0,0,0,0,0,1
1689,0,0,0,0,0,1,0,0,0,0,0,0,0,0,0,0
967,0,1,0,0,0,0,0,0,0,0,0,0,0,0,0,1
616,0,0,0,0,0,0,0,0,0,0,0,0,0,0,0,3
291,0,0,0,0,0,0,0,0,0,0,1,1,0,0,0,3
493,0,0,0,0,0,0,0,0,0,0,1,0,0,0,0,3
1620,0,0,0,0,0,0,0,0,0,0,0,0,0,0,0,1
394,0,0,0,0,0,1,0,0,0,0,0,0,0,0,0,0
1056,0,0,0,0,0,0,0,0,0,0,0,0,0,0,0,2
1311,0,0,0,0,0,1,0,0,0,0,0,0,0,0,0,0
122,0,0,0,0,0,0,0,0,0,0,0,0,0,0,0,1
1571,0,0,0,0,0,0,0,0,0,0,0,0,0,0,0,1
1489,0,0,0,0,0,0,0,0,0,0,0,0,0,1,0,2
1023,0,0,0,0,0,0,0,0,0,0,1,0,0,0,0,2
10,0,0,0,0,0,0,0,0,0,0,0,0,0,0,0,0
1422,0,0,0,0,0,0,0,0,0,0,0,0,0,0,0,2
1487,0,0,0,0,0,0,0,0,0,0,0,0,1,0,0,2
1570,0,0,0,0,0,0,0,0,1,0,0,0,0,1,0,2
736,0,0,0,0,0,0,0,0,0,1,1,1,0,0,0,3
524,0,0,0,0,0,0,0,0,0,0,0,0,0,0,0,2
1137,0,0,0,0,0,0,0,0,0,0,0,0,0,0,0,2
507,0,0,0,0,0,0,0,0,0,0,0,0,0,0,0,1
1500,1,0,0,0,0,0,0,0,0,0,0,0,0,0,0,1
433,0,0,0,0,0,0,0,0,0,0,0,0,0,0,0,1
997,0,0,0,0,0,0,0,0,0,0,0,0,0,0,0,1
212,0,0,0,0,0,0,0,0,0,0,1,0,1,0,0,2
662,0,0,0,0,0,0,0,0,0,0,0,0,0,0,0,1
1662,0,0,0,0,0,0,0,0,0,0,0,0,0,1,0,2
283,1,0,0,0,0,0,0,0,0,0,0,0,0,0,0,2
617,0,0,0,0,0,0,0,0,0,0,0,1,0,0,0,3
1621,0,0,0,0,0,0,0,0,0,0,0,0,0,0,0,2
751,0,0,0,0,0,0,0,0,0,0,0,0,0,1,0,1
1359,0,0,0,0,0,1,0,0,0,0,0,0,0,0,0,0
144,0,0,0,0,1,0,0,0,0,0,0,0,0,0,0,0
1079,0,0,0,0,0,0,0,0,0,0,0,0,0,0,0,1
508,0,0,0,0,0,0,0,0,0,0,0,0,0,0,0,1
1270,0,0,0,0,0,0,0,0,0,0,0,0,0,0,0,2
269,0,0,0,0,0,1,0,0,0,0,0,0,0,0,0,0
1587,1,0,0,0,0,0,0,0,0,0,0,0,0,0,0,1
1793,0,0,0,0,0,0,0,0,0,0,0,0,0,0,0,3
1725,0,0,0,0,0,0,0,0,0,0,0,0,0,0,0,2
1687,0,0,0,0,0,0,0,0,0,0,0,0,0,0,0,1
1519,0,1,0,0,0,0,0,0,0,0,0,0,1,0,0,1
1631,0,0,0,0,0,0,0,0,0,0,0,0,0,0,0,2
392,0,0,0,0,0,0,0,0,0,0,0,0,1,0,0,2
1103,0,0,0,0,0,0,0,0,0,0,0,0,0,0,0,2
1405,0,1,0,0,0,0,0,0,0,0,0,0,0,0,0,0
1554,0,0,1,0,0,0,0,0,0,0,0,0,1,0,0,2
747,1,0,0,0,0,0,0,0,0,0,0,0,0,0,0,1
480,0,0,0,0,0,1,0,0,0,0,0,0,0,0,0,2
673,0,0,0,0,0,0,0,0,0,0,0,0,0,0,0,2
264,0,0,0,0,0,0,1,0,0,0,0,1,0,0,0,3
589,0,0,0,0,0,1,0,0,0,0,0,0,0,0,0,0
999,0,0,0,0,0,0,0,0,0,0,0,0,0,0,0,3
1581,0,0,0,0,0,0,0,0,0,1,0,0,0,0,0,3
1886,0,0,0,0,0,0,0,0,0,0,0,0,0,0,0,2
369,1,0,0,0,0,0,0,0,0,0,0,0,1,0,0,2
1412,0,0,0,0,0,0,0,0,0,0,0,0,0,0,0,1
1810,0,0,1,0,0,0,0,0,0,0,0,0,1,0,1,2
132,0,0,0,0,0,1,0,0,0,0,0,0,0,0,0,0
1327,0,0,0,0,0,0,0,0,0,0,0,0,0,0,0,2
1857,0,0,0,0,0,1,0,0,0,0,0,0,0,0,0,0
1094,1,0,0,0,0,0,0,0,0,0,0,1,0,0,0,2
225,0,0,0,0,1,0,0,0,0,0,0,0,0,0,0,1
335,0,0,0,1,0,0,0,0,0,1,0,0,1,0,0,2
1159,0,0,0,0,0,0,0,0,0,0,1,0,0,0,0,2
1333,0,0,0,0,0,1,0,0,0,0,0,0,0,0,0,0
1894,0,0,0,0,0,1,0,0,0,0,0,0,0,0,0,0
1298,0,0,0,0,0,1,0,0,0,0,0,0,0,0,0,0
1420,0,0,0,0,0,1,0,0,0,0,0,0,0,0,0,2
413,0,0,0,0,0,0,0,0,0,0,0,0,0,0,0,2
1598,0,0,0,0,0,1,0,0,0,0,0,0,0,0,0,0
1046,0,0,0,0,0,0,0,0,0,0,0,0,0,0,0,2
1325,0,0,0,0,0,0,0,0,0,0,0,0,0,0,0,1
1775,0,0,0,0,0,0,0,0,0,0,0,0,0,0,0,2
292,0,0,0,0,1,0,0,0,0,0,0,0,0,0,0,2
665,0,0,0,0,1,0,0,0,0,0,0,0,0,0,0,1
1151,0,0,0,0,0,1,0,0,0,0,0,0,0,0,0,0
177,0,0,0,1,0,0,0,0,0,0,1,0,0,0,0,2
1321,0,0,0,0,0,0,0,0,0,1,0,0,1,0,0,2
1863,0,0,0,0,0,0,0,0,0,0,0,0,0,0,0,1
834,0,0,0,0,0,0,0,0,0,0,0,0,0,0,0,2
1058,0,0,0,0,0,0,0,0,0,0,0,1,0,0,0,3
1022,0,0,0,0,0,1,0,0,0,0,0,0,0,0,0,0
1473,1,0,0,0,0,0,0,0,0,0,0,0,0,0,0,2
792,0,0,0,0,0,0,0,0,0,0,0,0,0,0,0,3
1575,1,0,0,0,0,0,0,0,0,0,0,0,0,0,0,2
667,0,0,0,0,0,0,0,0,0,0,0,0,1,0,0,2
1368,0,0,0,0,0,0,0,0,1,0,0,0,0,0,0,3
1443,0,0,0,0,0,0,0,0,0,0,0,0,0,0,0,2
784,0,0,0,0,0,1,0,0,0,0,0,0,0,0,0,0
980,0,0,0,0,0,1,0,0,0,0,0,0,0,0,0,0
263,0,0,0,0,0,0,0,1,0,1,0,1,0,0,0,3
1856,0,0,0,0,0,0,0,0,0,0,0,0,0,0,0,3
529,0,0,0,0,0,0,0,0,0,0,0,0,0,0,0,2
588,0,0,0,0,0,1,0,0,0,0,0,0,0,0,0,0
1800,0,0,0,0,0,0,0,0,0,1,0,0,0,0,0,3
1531,0,0,0,0,0,0,0,0,0,1,1,1,0,0,0,3
1005,0,0,0,0,0,1,0,0,0,0,0,0,0,0,0,0
1077,0,0,0,0,0,0,0,0,0,0,0,0,0,0,0,1
467,0,0,0,0,0,1,0,0,0,0,0,0,0,0,0,0
347,0,0,0,1,0,0,0,0,0,0,0,0,0,0,0,1
1444,0,0,0,0,0,0,0,0,0,0,0,0,0,0,0,3
941,0,0,0,0,0,0,0,0,0,0,0,0,0,0,0,1
165,0,0,0,0,0,0,0,0,0,0,0,0,0,0,0,2
1809,0,0,0,0,0,0,0,0,0,0,0,0,0,0,0,1
1454,0,0,0,0,0,0,0,0,0,0,0,0,0,0,0,2
1045,0,0,0,0,0,0,0,0,0,0,1,0,0,0,0,2
1413,0,0,0,0,0,0,0,0,0,0,0,0,0,0,0,1
641,0,1,0,0,0,0,0,0,0,0,0,0,0,0,0,0
1075,0,0,0,0,0,0,0,0,0,0,0,0,0,0,0,1
918,0,0,0,0,0,0,0,0,0,0,0,0,0,0,0,2
1149,0,1,0,0,0,0,0,0,0,0,0,0,0,0,0,0
1287,0,0,0,0,0,0,0,0,0,0,0,0,0,0,0,1
1655,0,1,0,0,0,0,0,0,0,0,0,0,0,0,0,0
499,0,0,0,0,0,0,0,0,0,0,0,0,0,0,0,1
131,0,0,0,0,0,0,0,0,0,0,0,0,0,0,0,1
1158,0,0,0,0,0,1,0,0,0,0,0,0,0,0,0,0
1042,0,1,0,0,0,0,0,0,0,0,0,0,0,0,0,1
136,0,1,0,0,0,0,0,0,0,0,0,0,0,0,0,0
186,0,0,0,0,0,0,0,0,0,0,0,1,0,0,0,3
375,0,0,0,0,0,0,0,0,0,0,0,0,0,0,0,3
1386,0,0,0,0,0,0,0,0,0,0,0,0,0,0,0,2
905,0,0,0,0,0,0,0,0,0,0,0,1,0,0,0,3
661,0,0,0,0,0,0,0,0,0,0,0,0,0,0,0,2
1771,0,0,0,0,0,1,0,0,0,0,0,0,0,0,0,0
1627,0,0,0,0,0,1,0,0,0,0,0,0,0,0,0,0
973,0,0,0,0,0,0,0,0,0,0,0,0,0,0,0,2
778,0,0,0,0,0,0,0,0,0,0,1,0,0,0,0,2
1408,0,0,0,0,0,0,0,0,0,1,0,0,0,0,0,2
152,0,0,0,0,0,0,0,0,0,0,0,0,0,0,0,1
1752,0,0,0,0,0,0,0,0,0,0,0,0,0,0,0,2
1069,0,0,0,0,0,0,0,0,0,0,0,1,0,0,0,3
221,0,0,0,0,0,0,0,0,0,0,0,0,1,0,0,2
1708,0,0,0,0,0,0,0,0,0,0,0,0,0,0,0,3
1161,0,0,0,0,0,0,0,0,0,0,0,0,0,0,0,3
1770,0,0,0,0,0,0,0,0,0,0,0,0,0,0,0,3
1633,0,0,0,0,0,1,0,0,0,0,0,0,0,0,0,0
881,0,0,0,0,0,0,0,0,0,0,0,0,0,0,0,1
25,0,0,0,0,0,1,0,0,0,0,0,0,0,0,0,0
1713,0,0,0,0,0,1,0,0,0,0,0,0,0,0,0,0
1585,0,1,0,0,0,0,0,0,0,0,0,0,0,0,0,0
723,0,0,0,0,0,0,0,0,0,0,0,0,0,0,0,2
23,0,0,0,0,1,0,1,0,0,0,0,0,0,0,0,2
189,0,0,0,0,0,0,0,0,0,0,1,0,1,0,0,2
777,0,0,0,0,0,0,0,0,0,0,0,1,1,0,0,3
821,1,0,0,1,0,0,0,0,0,0,0,0,0,0,0,1
1142,0,1,0,0,0,0,0,0,0,0,0,0,0,0,0,0
847,1,0,0,0,0,0,0,0,0,1,0,0,0,0,0,2
640,0,0,0,0,0,0,0,0,0,0,0,0,0,0,0,3
1600,0,0,0,0,0,0,0,0,0,0,0,0,0,0,0,0
732,0,0,0,0,0,0,0,0,0,0,0,0,1,0,0,1
345,0,0,0,0,0,0,1,0,0,0,0,0,0,0,0,1
188,0,0,0,0,0,0,0,0,0,0,1,0,0,0,0,2
1374,0,0,0,0,0,0,0,0,0,0,0,0,0,0,0,2
1527,0,0,0,0,0,0,0,1,0,0,0,0,0,0,0,3
614,0,0,0,0,0,0,0,0,0,0,0,0,0,0,0,2
254,0,0,0,0,0,0,0,0,1,0,0,1,1,0,0,3
1131,0,0,0,0,0,1,0,0,0,0,0,0,0,0,0,0
1233,0,0,0,0,0,0,0,0,0,0,0,0,0,0,0,3
1421,1,0,0,0,0,0,0,0,0,0,0,0,0,0,0,1
3,1,0,0,0,0,0,0,0,0,0,0,0,0,0,0,1
702,0,0,0,0,0,0,0,0,0,0,0,0,0,0,0,1
106,0,1,0,0,0,0,0,0,0,1,0,0,0,0,0,2
637,0,0,0,1,0,0,0,0,0,0,0,0,1,0,0,2
1817,0,0,0,0,0,0,0,0,0,0,0,0,0,0,0,1
1888,0,0,0,0,0,1,0,0,0,0,0,0,0,0,0,0
1546,0,0,0,0,0,1,0,0,0,0,0,0,0,0,0,0
1126,0,0,0,0,0,1,0,0,0,0,0,0,0,0,0,2
1573,0,0,0,0,0,0,0,0,0,1,0,1,0,0,0,3
1139,0,0,0,0,0,0,0,0,0,0,0,1,0,0,0,3
1853,0,0,0,0,0,0,0,0,0,0,0,0,1,0,0,2
597,0,0,0,0,0,1,0,0,0,0,0,0,0,0,0,2
945,0,0,0,0,0,0,0,0,0,0,0,0,0,0,0,2
232,0,0,0,0,0,1,0,0,0,0,0,0,0,0,0,0
1561,0,0,0,0,0,0,0,0,0,0,0,0,0,0,0,1
179,0,0,0,0,0,1,0,0,0,0,0,0,0,0,0,0
301,0,0,0,0,0,0,0,0,0,0,0,0,0,0,0,3
836,1,0,0,0,0,0,0,0,0,0,0,0,0,0,0,1
850,0,0,0,0,0,1,0,0,0,0,0,0,0,0,0,0
309,1,0,0,0,0,0,0,0,0,1,0,0,0,0,0,2
1577,0,0,0,0,0,0,0,0,0,0,0,0,0,1,0,2
31,0,0,0,0,0,1,0,0,0,0,0,0,0,0,0,0
1860,0,0,0,0,0,0,0,0,0,0,0,0,0,0,0,2
1854,0,0,0,0,0,1,0,0,0,0,0,0,0,0,0,0
1199,1,0,0,0,0,0,0,0,0,0,0,0,1,0,0,2
205,0,0,0,0,0,0,0,0,0,1,0,1,0,0,0,3
1743,0,0,0,0,0,0,0,0,0,1,0,1,0,0,0,2
861,1,0,0,0,0,0,0,0,0,0,0,0,0,0,0,1
704,0,0,0,0,0,0,0,0,1,1,0,1,0,0,0,3
236,0,0,0,0,0,0,1,0,1,0,0,1,0,0,0,3
1715,1,0,0,0,0,0,0,0,0,0,0,0,0,0,0,1
1092,1,0,0,0,0,1,0,0,0,0,0,0,0,0,0,2
1671,0,0,0,0,0,0,0,0,0,0,0,1,0,0,0,3
1877,0,0,0,0,0,1,0,0,0,0,0,0,0,0,0,0
961,0,0,0,0,0,0,0,0,0,0,0,1,0,0,0,3
137,0,0,0,0,0,0,0,0,0,0,1,0,0,0,0,2
791,0,0,0,0,0,0,0,0,0,0,0,1,0,0,0,3
1013,0,0,0,0,0,0,0,0,0,0,0,0,1,0,0,1
1514,1,0,0,0,0,0,0,1,0,0,0,1,0,0,0,3
1361,0,0,0,0,0,0,0,0,0,1,0,1,0,0,0,3
573,0,0,0,0,0,0,0,0,0,0,0,0,0,0,0,2
867,0,0,0,0,0,0,0,0,0,1,0,0,0,0,0,3
7,0,0,0,0,0,0,0,0,1,0,0,0,0,0,0,2
719,0,0,0,0,0,0,0,0,0,0,0,0,0,0,0,2
85,0,0,0,0,0,1,0,0,0,0,0,0,0,0,0,0
1100,0,0,0,0,0,0,1,0,0,0,0,0,0,0,0,2
204,0,0,0,0,0,1,0,0,0,0,0,0,0,0,0,2
1468,0,0,0,0,0,0,0,0,0,0,0,0,1,0,0,2
1146,0,0,0,0,0,0,0,0,0,0,0,0,0,0,0,1
1003,0,0,0,0,0,1,0,0,0,0,0,0,0,0,0,1
1635,0,0,0,0,0,0,0,0,0,0,0,0,0,0,0,2
561,0,0,0,0,0,0,0,0,0,0,0,1,0,0,0,3
1815,0,0,0,0,0,1,0,0,0,0,0,0,0,0,0,0
1594,0,0,0,0,0,0,0,0,0,0,0,0,0,0,0,1
1431,0,0,0,0,0,1,0,0,0,0,0,0,0,0,0,0
230,0,0,0,0,0,0,0,0,0,0,0,1,0,0,0,3
621,1,0,0,1,0,0,0,0,0,0,0,0,1,0,0,1
1314,0,0,0,0,0,1,0,0,0,0,0,0,0,0,0,0
1286,0,0,1,0,0,0,0,0,0,0,0,0,0,0,0,0
1764,0,0,0,0,0,0,0,0,0,0,0,0,0,0,0,1
1223,0,0,0,0,0,0,0,0,0,0,0,0,0,0,0,0
1393,0,0,0,0,0,1,0,0,0,0,0,0,0,0,0,0
469,0,0,0,0,0,0,0,0,0,0,0,1,0,0,0,3
446,0,0,0,1,0,0,0,0,0,1,0,0,1,0,0,2
142,0,0,0,0,0,1,0,0,0,0,0,0,0,0,0,0
1691,0,0,0,0,0,0,0,0,0,0,0,0,0,0,0,2
1714,0,1,0,0,0,0,0,0,0,0,0,0,0,0,0,0
694,0,0,0,0,0,0,0,0,0,0,0,0,0,0,0,1
896,0,0,0,0,0,1,0,0,0,0,0,0,0,0,0,0
933,1,0,0,0,0,0,0,0,0,0,0,0,0,0,0,2
952,0,0,0,0,0,0,0,0,0,0,0,0,0,0,0,1
1310,0,0,0,0,0,1,0,0,0,0,0,0,0,0,0,0
1639,0,0,1,0,0,0,0,1,0,0,0,0,0,0,0,2
1668,0,0,0,0,0,0,0,0,0,0,0,0,0,0,0,2
1350,0,0,0,0,0,1,0,0,0,0,0,0,0,0,0,0
833,0,0,0,0,0,0,0,0,0,1,0,0,0,0,0,2
1357,0,0,0,0,0,1,0,0,0,0,0,0,0,0,0,0
1825,0,0,0,0,0,1,0,0,0,0,0,0,0,0,0,0
36,0,0,0,0,0,0,0,0,0,0,0,0,0,0,0,1
584,0,0,0,0,0,0,0,0,0,0,0,0,0,0,0,2
875,0,0,0,0,0,0,0,0,0,0,0,1,1,0,0,3
1317,0,0,0,0,0,0,0,0,0,0,0,0,0,0,0,2
823,0,0,0,0,0,1,0,0,0,0,0,0,0,0,0,0
1285,0,0,0,0,0,0,0,0,0,0,0,0,1,0,0,2
876,0,0,0,0,0,0,0,0,0,1,0,0,0,0,1,3
610,1,0,0,0,0,0,0,0,0,0,0,1,0,0,0,3
128,0,0,0,0,0,0,0,0,0,0,0,0,1,0,0,2
455,0,0,0,0,0,0,0,0,0,0,0,0,0,0,0,3
160,0,0,0,0,0,0,0,0,0,0,0,0,1,0,0,3
664,0,0,0,0,0,0,0,0,0,0,0,1,0,0,0,3
1207,0,0,0,0,0,0,0,0,0,0,0,0,0,0,0,1
670,0,0,0,0,0,0,0,0,0,0,0,0,1,0,0,2
726,0,0,0,0,0,0,0,0,0,0,0,0,0,0,0,2
112,0,0,0,0,0,0,0,0,0,0,0,1,0,0,0,3
699,0,1,0,0,0,0,0,0,0,0,0,0,0,0,0,3
1124,0,0,0,0,0,0,0,0,0,0,0,0,1,0,0,3
1360,0,0,0,1,0,0,0,0,0,0,0,0,0,0,0,1
178,0,0,0,0,0,1,0,0,0,0,0,0,0,0,0,0
130,0,0,0,0,1,0,0,0,0,0,0,0,0,0,0,2
482,0,0,0,0,0,0,0,0,0,0,0,1,0,0,0,3
761,0,0,0,0,0,0,0,0,0,1,0,1,0,0,0,3
779,0,0,0,0,0,0,0,0,0,0,0,0,0,0,0,0
1264,0,0,1,0,0,0,0,0,0,0,0,0,1,0,0,2
1548,0,0,0,0,0,0,0,0,0,0,0,0,0,0,0,2
286,0,1,0,0,0,0,0,0,0,0,0,0,0,0,0,0
1693,0,0,0,0,0,0,0,0,0,0,0,0,0,0,1,2
1623,0,0,0,0,0,0,0,0,0,0,0,0,0,0,0,1
308,0,0,0,0,0,0,0,0,0,0,0,0,0,0,0,3
397,0,0,0,0,0,0,0,0,0,0,0,0,0,0,0,1
684,0,0,1,0,0,0,0,1,0,0,0,0,0,0,0,2
95,0,0,0,0,0,0,0,0,1,0,0,0,1,0,0,2
1047,0,0,0,0,0,0,0,0,0,0,0,0,0,0,0,1
169,0,0,0,0,0,0,0,0,0,0,0,0,0,0,1,3
1402,0,0,1,0,0,0,0,0,0,0,0,0,0,0,0,1
671,0,0,0,1,0,0,0,0,0,0,0,0,0,0,1,2
57,0,0,0,0,0,0,0,0,0,0,0,1,0,0,0,3
461,0,0,0,1,0,0,0,0,0,0,0,0,0,0,1,1
669,0,1,0,0,0,0,0,0,0,0,0,0,0,0,0,0
1492,0,0,0,1,0,0,0,0,0,0,0,0,0,0,0,2
1545,0,0,0,0,0,0,0,0,0,0,0,0,0,0,0,3
1705,0,0,0,0,0,0,1,0,0,1,0,1,0,0,0,3
466,0,0,0,0,0,0,0,0,0,0,0,0,1,0,0,3
1176,0,0,0,0,0,0,0,0,0,0,0,0,0,0,0,1
1168,0,0,0,0,0,0,0,0,0,0,0,0,0,0,0,2
1230,0,0,0,0,0,0,0,0,0,0,0,0,0,0,0,3
1375,0,0,0,0,0,0,0,1,0,0,0,0,0,0,0,2
1241,0,0,0,1,0,0,0,0,0,0,0,0,0,0,0,2
698,0,0,0,0,1,0,0,0,0,0,0,0,0,0,0,0
161,1,0,0,0,0,0,0,0,0,0,0,1,0,0,0,2
478,0,0,0,0,0,1,0,0,0,0,0,0,0,0,0,0
1616,0,0,0,0,0,0,0,0,0,0,0,0,1,0,0,2
1848,0,0,0,0,0,0,0,0,0,0,0,0,0,0,0,1
1016,0,0,0,0,0,0,0,0,0,0,1,0,0,0,0,3
358,0,0,0,0,0,0,0,0,0,0,0,0,0,0,0,2
1027,1,0,0,0,0,0,0,0,0,0,0,1,0,0,0,3
436,0,0,0,0,0,0,0,0,0,0,0,0,1,0,0,2
54,0,0,0,0,0,1,0,0,0,0,0,0,0,0,0,0
1189,0,0,0,0,0,1,0,0,0,0,0,0,0,0,0,0
932,0,0,0,0,0,1,0,0,0,0,0,0,0,0,0,0
66,1,0,0,0,0,0,0,0,0,0,0,0,1,0,0,1
1373,0,0,0,0,0,0,0,0,0,0,0,0,0,0,0,1
1392,1,0,0,0,0,0,0,0,0,0,0,0,0,0,0,2
1778,0,0,0,0,0,0,0,0,0,0,0,0,0,0,0,3
832,0,0,0,1,0,0,0,0,0,0,0,0,0,1,0,1
346,0,0,0,0,0,0,0,0,0,0,0,0,1,0,0,2
1601,0,0,0,0,0,0,0,0,0,0,0,0,0,0,0,1
912,0,0,0,0,0,0,0,0,1,0,0,0,0,0,0,3
1122,1,0,0,1,0,0,0,0,0,0,0,0,0,0,0,1
1102,0,0,0,0,0,0,0,0,0,0,0,0,0,0,0,0
19,0,0,0,0,1,0,0,0,0,0,0,0,0,0,0,2
2,0,0,0,0,0,0,0,0,0,0,0,1,1,0,0,3
755,0,0,0,0,0,0,0,0,0,0,0,0,0,0,0,2
1445,1,0,0,0,0,1,0,0,0,0,0,0,0,0,0,1
1221,1,0,0,0,0,0,0,0,0,0,0,0,0,0,0,2
1534,0,0,0,0,0,0,0,0,0,0,0,0,0,0,0,3
966,0,0,0,0,0,1,0,0,0,0,0,0,0,0,0,0
0,0,0,0,0,0,1,0,0,0,0,0,0,0,0,0,0
790,0,0,0,0,0,1,0,0,0,0,0,0,0,0,0,0
313,0,0,0,0,1,0,0,0,0,0,0,0,0,0,0,2
521,0,0,0,1,0,0,0,0,0,0,0,0,0,0,0,1
1371,0,0,0,0,0,1,0,0,0,0,0,0,0,0,0,0
1609,0,0,1,0,0,0,0,0,0,0,0,0,0,0,0,0
1873,0,1,0,0,0,0,0,0,0,0,0,0,0,0,0,0
1334,0,0,0,0,0,0,0,0,0,0,0,0,0,0,0,2
1378,0,0,0,0,0,0,0,0,0,0,0,0,0,0,0,2
1294,0,0,0,0,0,0,0,0,0,0,0,0,0,0,0,2
268,1,0,0,0,0,0,0,0,0,0,0,0,0,0,0,2
1734,0,0,0,0,0,0,0,0,0,0,0,0,0,0,0,3
891,0,0,0,0,0,0,1,0,1,0,0,1,0,0,0,3
344,0,0,0,0,0,0,0,0,0,0,0,0,1,0,0,3
713,0,0,0,0,0,0,0,0,0,0,1,0,0,0,0,2
389,0,0,0,0,0,0,0,0,0,0,0,0,0,0,0,2
271,0,0,0,0,1,0,0,0,0,0,0,0,0,0,0,1
1108,0,0,0,0,0,0,0,0,0,0,1,0,0,0,0,3
801,1,0,0,0,0,0,0,0,0,0,0,0,0,0,0,1
1727,0,0,0,0,0,1,0,0,0,0,0,0,0,0,0,0
119,0,0,0,0,0,0,0,0,0,0,0,0,1,0,0,2
929,0,0,0,0,0,0,0,0,0,0,0,0,0,0,0,3
880,0,1,0,0,0,0,0,0,0,0,0,0,0,0,0,0
434,0,0,0,0,0,0,0,0,0,0,1,1,0,0,0,3
49,0,0,0,0,0,0,0,0,0,0,0,1,0,0,0,3
1399,0,0,0,0,0,0,0,0,0,0,0,0,1,0,0,2
731,0,0,0,0,1,0,0,0,0,0,0,0,0,0,0,1
74,0,0,0,0,0,0,0,0,0,0,0,1,0,0,0,3
1520,1,0,0,0,0,0,0,0,0,0,0,0,0,0,0,3
635,0,0,0,0,0,0,0,0,0,0,0,0,0,0,0,2
1702,0,1,0,0,0,0,0,0,0,0,0,0,0,0,0,0
540,0,0,0,0,1,0,0,0,0,0,0,0,0,0,0,1
71,0,0,0,0,0,0,0,0,1,0,0,0,0,1,0,2
1624,0,0,0,0,0,0,0,0,0,0,1,0,0,0,0,2
1157,0,0,0,0,0,0,0,0,0,0,0,0,0,0,0,2
1855,0,0,0,0,0,1,0,0,0,0,0,0,0,0,0,0
1309,0,0,0,0,0,0,0,0,0,0,0,0,0,0,0,2
1331,0,0,0,0,0,0,0,0,0,0,0,1,0,0,0,3
366,1,0,0,0,0,0,0,0,0,0,0,0,1,0,0,2
528,0,0,0,0,0,0,0,0,0,0,0,1,1,0,0,3
1814,0,0,0,0,1,0,0,0,0,0,0,0,0,0,0,1
576,0,0,0,0,0,0,0,0,0,0,0,0,0,0,0,2
1363,0,0,0,0,0,0,0,0,0,0,1,0,0,0,1,3
1276,0,0,0,0,0,0,0,1,0,1,0,1,0,0,0,3
1518,1,0,0,1,0,0,0,0,0,0,0,0,1,0,0,1
1259,0,0,0,0,0,0,0,0,0,0,0,0,0,0,0,2
348,0,0,0,0,0,0,0,0,0,0,0,0,0,0,0,1
1556,0,0,0,0,0,0,0,0,0,0,0,1,0,0,0,3
1391,0,0,0,0,0,0,0,0,0,1,0,0,0,0,0,3
356,0,0,0,0,0,0,0,0,0,0,0,1,1,0,0,3
1874,0,0,0,0,0,0,0,0,0,0,0,0,0,0,0,1
1115,0,0,0,0,0,1,0,0,0,0,0,0,0,0,0,0
108,0,0,0,0,0,0,0,0,0,0,0,0,0,0,0,3
1747,0,0,0,0,0,0,0,0,0,0,0,0,0,0,0,1
1033,0,0,0,0,0,0,0,0,1,0,1,1,0,0,0,3
615,0,0,0,0,0,0,0,0,0,0,0,0,0,0,0,3
1112,0,0,0,0,0,0,0,0,0,0,0,0,0,0,1,2
20,0,0,0,0,0,0,0,0,0,0,0,0,1,0,0,2
903,0,0,0,0,0,1,0,0,0,0,0,0,0,0,0,0
602,0,0,0,1,0,0,0,0,0,0,0,0,0,0,0,1
1154,0,0,0,0,0,0,0,0,0,0,0,0,0,0,0,2
1823,0,0,1,0,0,0,0,0,0,0,0,0,0,0,0,2
411,0,0,0,0,0,1,0,0,0,0,0,0,0,0,0,0
1440,0,0,0,0,0,0,0,0,0,0,0,0,0,0,0,1
549,0,0,1,0,0,0,0,0,0,1,0,0,0,0,0,2
1141,0,0,0,0,0,0,0,0,0,0,0,0,1,0,0,2
41,0,0,0,0,0,0,0,0,0,0,0,0,1,0,0,2
1236,0,0,0,0,0,0,0,0,0,0,0,0,0,0,0,2
1830,0,0,0,1,0,0,0,0,0,0,0,0,0,0,0,2
570,0,0,0,0,0,1,0,0,0,0,0,0,0,0,0,0
854,0,0,0,0,0,0,0,0,0,0,0,0,0,0,0,2
577,0,0,1,1,0,0,0,0,0,0,1,0,0,0,0,2
1602,0,0,0,0,0,0,0,0,0,0,0,0,0,0,0,1
572,0,0,0,0,0,0,0,0,0,0,0,0,0,0,0,3
603,0,0,0,0,0,1,0,0,0,0,0,0,0,0,0,0
22,0,0,0,0,0,0,0,0,0,0,0,0,0,0,0,2
1805,0,0,0,0,0,0,0,0,0,0,0,0,0,0,0,2
633,0,0,0,0,0,0,0,0,0,0,1,0,0,0,0,2
1320,0,0,0,0,1,0,0,0,0,0,0,0,0,0,0,1
1742,0,0,0,0,0,0,0,0,0,0,0,0,1,0,0,2
1475,0,0,0,0,0,0,0,0,0,0,0,0,0,0,0,1
118,0,0,0,0,0,0,0,0,0,0,0,0,0,0,0,0
1673,0,0,0,0,0,0,1,0,0,0,0,1,0,0,0,3
1424,0,0,0,0,0,0,0,1,0,1,0,1,0,0,0,3
1194,0,0,0,0,0,1,0,0,0,0,0,0,0,0,0,0
69,0,0,0,0,0,0,0,0,0,0,0,1,0,0,0,3
386,1,0,0,0,0,0,0,0,0,0,1,0,1,0,0,2
261,0,0,0,0,0,0,0,0,0,0,0,0,0,0,0,1
619,0,0,0,0,0,0,0,0,0,1,0,0,1,0,0,3
80,0,0,0,0,0,1,0,0,0,0,0,0,0,0,0,0
1007,0,0,0,0,0,0,0,0,0,0,0,0,0,0,0,2
486,0,0,0,0,0,0,0,0,0,0,1,0,0,0,0,2
1521,0,0,0,0,0,0,0,0,0,0,0,0,0,0,0,2
1569,0,0,0,0,0,1,0,0,0,0,0,0,0,0,0,0
897,0,0,0,0,1,0,0,0,0,0,0,0,0,0,0,1
1105,0,0,0,0,0,0,0,0,0,0,1,1,0,0,0,3
330,0,0,0,0,0,0,0,0,0,0,0,0,1,0,0,1
383,1,0,0,0,0,0,0,0,0,0,0,0,1,0,0,2
498,0,0,0,0,0,0,0,0,0,0,0,0,0,0,0,3
1663,0,0,0,0,0,0,0,0,0,0,0,0,0,0,0,3
192,0,0,0,0,0,0,0,0,1,0,0,0,0,0,0,3
1174,0,0,0,0,0,0,0,0,0,0,0,0,0,0,0,2
631,0,0,0,0,0,1,0,0,0,0,0,0,0,0,0,0
412,0,0,0,0,0,0,0,0,0,1,0,0,0,0,0,3
146,0,0,0,0,0,1,0,0,0,0,0,0,0,0,0,0
1503,0,0,0,0,0,0,0,0,0,0,0,1,0,0,0,3
960,0,0,0,0,0,0,0,0,1,0,0,1,0,0,0,3
630,0,0,0,0,0,0,0,0,0,0,0,0,1,0,0,3
289,0,0,0,0,0,0,0,0,0,0,1,0,0,0,0,2
685,0,0,0,0,0,0,0,0,0,1,0,1,0,0,0,3
