,esrb_rating,no_descriptors,strong_language,blood_and_gore,blood,mild_fantasy_violence,sexual_themes,intense_violence,strong_sexual_content,simulated_gambling,language
0,0,1,0,0,0,0,0,0,0,0,0
1,1,0,0,0,0,0,0,1,0,0,0
2,3,0,1,0,1,0,0,0,0,0,0
3,1,0,0,0,0,0,0,0,0,0,1
4,2,0,0,0,0,0,0,0,0,0,1
5,0,1,0,0,0,0,0,0,0,0,0
6,2,0,0,0,1,0,0,1,0,0,0
7,2,0,0,1,0,0,0,0,0,0,0
8,1,0,0,0,0,0,0,0,0,0,0
9,2,0,0,0,0,0,0,0,0,0,0
10,0,0,0,0,0,0,0,0,0,0,0
11,3,0,1,0,1,0,0,1,0,0,0
12,1,0,0,0,0,0,0,1,1,0,0
13,3,0,1,0,0,0,0,0,0,0,0
14,3,0,1,1,0,0,0,0,0,0,1
15,3,0,1,1,0,0,0,1,0,0,0
16,2,0,0,0,0,0,0,0,0,0,0
17,1,0,0,0,0,0,0,0,0,0,0
18,3,0,0,1,0,0,0,1,1,0,0
19,2,0,0,0,0,0,0,0,0,0,0
20,2,0,0,0,0,0,0,0,0,0,0
21,2,0,0,0,0,0,0,0,0,0,0
22,2,0,0,0,0,0,0,0,0,0,0
23,2,0,0,0,1,0,0,1,0,0,0
24,1,0,0,0,0,0,0,0,0,0,0
25,0,1,0,0,0,0,0,0,0,0,0
26,1,0,0,0,0,0,0,0,0,0,1
27,0,1,0,0,0,0,0,0,0,0,0
28,2,0,0,0,0,0,0,0,0,0,0
29,3,0,1,0,1,0,1,0,0,0,0
30,0,1,0,0,0,0,0,0,0,0,0
31,0,1,0,0,0,0,0,0,0,0,0
32,0,0,0,0,0,0,0,0,0,0,0
33,0,0,0,0,0,0,0,0,0,0,0
34,0,1,0,0,0,0,0,0,0,0,0
35,3,0,1,0,1,0,0,0,0,1,0
36,1,0,0,0,0,0,0,0,0,0,0
37,1,0,0,0,0,0,0,0,0,0,0
38,2,0,0,0,1,0,0,0,0,0,0
39,0,1,0,0,0,0,0,0,0,0,0
40,3,0,0,1,0,0,0,0,0,0,0
41,2,0,0,1,0,0,0,0,0,0,0
42,0,0,0,0,0,1,0,0,0,0,0
43,1,0,0,0,0,0,0,0,0,0,0
44,3,0,1,0,1,0,0,1,0,0,0
45,0,0,0,0,0,0,0,0,0,0,0
46,2,0,0,0,0,0,0,0,0,0,0
47,2,0,0,0,0,0,0,0,0,0,0
48,0,0,0,0,0,0,0,0,0,0,0
49,3,0,1,0,1,0,0,0,0,0,0
50,1,0,0,0,0,0,0,0,0,0,0
51,2,0,0,0,0,0,0,0,0,1,0
52,1,1,0,0,0,0,0,0,0,0,0
53,2,0,0,0,0,0,0,0,0,1,0
54,0,1,0,0,0,0,0,0,0,0,0
55,2,0,0,0,0,0,0,0,0,0,0
56,0,1,0,0,0,0,0,0,0,0,0
57,3,0,1,0,1,0,0,0,0,0,0
58,2,0,0,1,0,0,0,0,0,0,0
59,3,0,0,0,1,0,0,0,0,0,0
60,0,1,0,0,0,0,0,0,0,0,0
61,3,0,1,0,1,0,0,0,0,0,1
62,0,1,0,0,0,0,0,0,0,0,0
63,2,0,0,0,1,0,0,0,0,0,0
64,0,1,0,0,0,0,0,0,0,0,0
65,2,0,0,0,0,0,0,0,0,0,0
66,1,0,0,0,0,0,0,0,0,0,0
67,3,0,1,0,0,0,1,0,0,0,0
68,1,0,0,0,0,0,0,0,0,0,0
69,3,0,1,0,1,0,0,1,0,0,0
70,2,0,0,0,1,0,1,0,0,0,0
71,2,0,0,0,0,0,0,0,0,0,0
72,3,0,0,0,1,0,0,0,0,0,0
73,2,0,0,1,0,0,0,0,0,0,0
74,3,0,1,0,0,0,0,0,0,0,0
75,2,0,0,0,1,0,0,0,0,0,1
76,0,1,0,0,0,0,0,0,0,0,0
77,3,0,0,1,0,0,0,1,1,0,0
78,0,0,0,0,0,1,0,0,0,0,0
79,0,1,0,0,0,0,0,0,0,0,0
80,0,1,0,0,0,0,0,0,0,0,0
81,2,0,0,0,0,0,0,0,0,0,0
82,3,0,0,0,0,0,0,0,1,0,0
83,1,0,0,0,0,0,0,0,0,0,1
84,1,0,0,0,0,0,0,0,0,0,0
85,0,1,0,0,0,0,0,0,0,0,0
86,1,0,0,0,0,0,0,0,0,0,0
87,3,0,1,1,0,0,1,0,0,0,1
88,0,0,0,0,0,1,0,0,0,0,0
89,1,0,0,0,0,0,0,0,0,0,0
90,3,0,0,1,0,0,0,0,0,0,0
91,1,0,0,0,0,0,0,0,0,0,0
92,1,0,0,0,0,0,0,0,0,0,0
93,0,1,0,0,0,0,0,0,0,0,0
94,2,0,0,0,0,0,0,0,0,0,0
95,2,0,0,0,0,0,0,0,0,0,0
96,0,0,0,0,0,0,0,0,0,0,0
97,2,0,0,0,1,0,0,0,0,0,0
98,0,1,0,0,0,0,0,0,0,0,0
99,0,1,0,0,0,0,0,0,0,0,0
100,1,0,0,0,0,0,0,0,0,0,0
101,3,0,1,1,0,0,0,0,0,0,0
102,2,0,0,0,1,0,0,1,0,0,0
103,0,0,0,0,0,0,0,0,0,0,0
104,0,0,0,0,0,0,0,0,0,0,0
105,3,0,1,1,0,0,1,1,0,1,0
106,2,0,0,0,0,1,1,0,0,0,0
107,2,0,0,0,0,0,0,0,0,0,0
108,3,0,0,1,0,0,0,1,1,0,0
109,2,0,0,0,0,0,0,0,0,0,0
110,3,0,1,0,1,1,0,0,0,0,1
111,0,0,0,0,0,0,0,0,0,0,0
112,3,0,1,0,1,0,0,1,0,0,0
113,3,0,1,0,1,0,0,0,0,0,0
114,2,0,0,0,1,0,0,0,0,0,0
115,0,0,0,0,0,1,0,0,0,0,0
116,1,0,0,0,0,0,0,0,0,0,0
117,3,0,0,1,0,0,0,1,0,0,0
118,0,0,0,0,0,0,0,0,0,0,0
119,2,0,0,0,1,0,0,0,0,0,0
120,2,0,0,1,0,0,0,0,0,0,0
121,0,1,0,0,0,0,0,0,0,0,0
122,1,0,0,0,0,0,0,0,0,0,0
123,1,0,0,0,0,0,0,0,0,0,0
124,1,1,0,0,0,0,0,0,0,0,1
125,0,1,0,0,0,0,0,0,0,0,0
126,2,0,0,0,0,0,0,0,0,0,0
127,0,1,0,0,0,0,0,0,0,0,0
128,2,0,0,0,0,0,0,0,0,0,1
129,3,0,0,1,0,0,0,1,1,0,0
130,2,0,0,0,0,0,0,0,0,0,0
131,1,0,0,0,0,0,0,0,0,0,0
132,0,1,0,0,0,0,0,0,0,0,0
133,2,0,0,0,0,0,0,0,0,0,0
134,2,0,0,0,0,0,0,0,0,0,1
135,2,0,0,0,1,0,0,0,0,0,1
136,0,0,0,0,0,1,0,0,0,0,0
137,2,0,0,0,0,0,0,0,0,1,0
138,2,0,0,0,0,0,0,0,0,1,0
139,2,0,0,0,0,0,0,0,0,1,0
140,3,0,1,1,0,0,1,1,0,1,0
141,3,0,1,1,0,0,0,0,0,0,1
142,0,1,0,0,0,0,0,0,0,0,0
143,2,0,0,0,0,0,0,0,0,0,0
144,0,0,0,0,0,0,0,0,0,0,0
145,0,1,0,0,0,0,0,0,0,0,0
146,0,1,0,0,0,0,0,0,0,0,0
147,2,0,0,0,1,0,0,0,0,0,1
148,2,0,0,0,0,0,0,0,0,0,0
149,1,0,0,0,0,0,0,0,0,0,0
150,3,0,0,1,0,0,0,0,0,0,0
151,0,0,0,0,0,1,0,0,0,0,0
152,1,0,0,0,0,0,0,0,0,0,0
153,1,0,0,0,0,0,0,0,0,0,0
154,2,0,0,1,0,0,0,1,0,0,0
155,0,0,0,0,0,0,0,0,0,0,0
156,2,0,0,0,1,0,0,0,0,0,0
157,3,0,1,1,0,0,0,1,0,0,0
158,3,0,1,1,0,0,0,0,0,0,0
159,3,0,1,1,0,0,1,0,0,0,1
160,3,0,0,0,1,0,0,0,0,0,1
161,2,0,1,0,0,0,0,1,0,0,0
162,0,1,0,0,0,0,0,0,0,0,0
163,1,0,0,0,0,0,0,0,0,0,0
164,2,0,0,0,0,0,0,0,0,0,0
165,2,0,0,1,0,0,0,0,0,0,1
166,1,0,0,0,0,0,0,0,0,0,0
167,0,1,0,0,0,0,0,0,0,0,0
168,3,0,1,0,1,0,0,0,0,1,0
169,3,0,0,1,0,0,0,1,0,0,0
170,0,1,0,0,0,0,0,0,0,0,0
171,0,1,0,0,0,0,0,0,0,0,0
172,0,1,0,0,0,0,0,0,0,0,0
173,2,0,0,0,0,0,0,0,0,0,0
174,2,0,0,0,0,0,0,0,0,0,0
175,1,0,0,0,0,0,0,0,0,0,1
176,2,0,0,0,1,0,0,1,1,0,0
177,2,0,0,1,0,0,0,0,0,1,0
178,0,1,0,0,0,0,0,0,0,0,0
179,0,1,0,0,0,0,0,0,0,0,0
180,1,0,0,0,0,0,0,0,0,0,0
181,2,0,0,0,0,0,0,0,0,0,0
182,0,1,0,0,0,0,0,0,0,0,0
183,1,0,0,0,0,0,0,1,0,0,0
184,1,0,0,0,0,0,0,0,0,0,0
185,2,0,0,0,0,0,0,0,0,0,0
186,3,0,1,1,0,0,0,0,0,0,0
187,1,0,0,0,0,0,0,1,0,0,0
188,2,0,0,0,0,0,0,0,0,1,0
189,2,0,0,0,0,0,0,1,0,1,0
190,0,0,0,0,0,0,0,0,0,0,0
191,3,0,0,1,0,0,0,1,1,0,0
192,3,0,0,0,0,0,0,0,1,0,0
193,3,0,1,0,1,0,0,0,0,1,1
194,2,0,0,0,0,0,0,0,0,0,0
195,0,0,0,0,0,0,0,0,0,0,0
196,3,0,1,1,0,0,0,0,0,0,0
197,1,0,0,0,0,0,0,0,0,0,0
198,2,0,0,0,0,0,0,0,0,0,0
199,2,0,0,0,0,0,0,0,0,0,0
200,2,0,0,0,0,0,0,0,0,0,0
201,0,0,0,0,0,1,0,0,0,0,0
202,2,0,0,0,0,0,0,0,0,0,0
203,2,0,0,0,0,0,1,0,0,0,0
204,2,1,0,0,1,0,0,0,0,0,1
205,3,0,1,0,0,0,1,0,0,0,0
206,2,0,0,0,0,0,0,0,0,0,1
207,1,0,0,0,0,0,0,0,0,0,0
208,0,0,0,0,0,0,0,0,0,0,0
209,3,0,1,0,1,0,0,1,0,0,0
210,0,0,0,0,0,1,0,0,0,0,0
211,2,0,0,0,0,0,0,0,0,0,0
212,2,0,0,0,1,0,0,1,0,1,0
213,0,1,0,0,0,0,0,0,0,0,0
214,1,0,0,0,0,0,0,0,0,0,0
215,3,0,0,1,0,0,0,1,1,0,0
216,1,0,0,0,0,0,0,0,0,0,0
217,2,0,0,0,0,0,1,0,0,0,1
218,1,0,0,0,0,0,0,1,0,0,0
219,1,0,0,0,0,0,0,0,0,0,0
220,2,0,0,0,0,0,0,0,0,0,0
221,2,0,0,0,0,0,0,0,0,0,0
222,1,0,0,0,0,0,0,0,0,0,0
223,1,0,0,0,0,0,0,0,0,0,0
224,2,0,0,0,0,0,0,0,0,0,0
225,1,0,0,0,0,0,0,0,0,0,0
226,3,0,1,1,0,0,1,0,0,0,0
227,2,0,0,0,1,0,0,0,0,0,0
228,3,0,0,1,0,0,0,1,0,1,0
229,1,0,0,0,0,0,0,0,0,0,0
230,3,0,1,0,1,0,0,0,0,0,0
231,2,0,0,0,0,0,0,0,0,0,0
232,0,1,0,0,0,0,0,0,0,0,0
233,0,1,0,0,0,0,0,0,0,0,0
234,0,1,0,0,0,0,0,0,0,0,0
235,1,0,0,0,0,0,0,0,0,0,0
236,3,0,1,1,0,0,0,1,0,0,0
237,2,0,0,0,0,0,0,0,0,0,0
238,2,0,0,0,0,0,0,0,0,1,0
239,0,1,0,0,0,0,0,0,0,0,0
240,0,1,0,0,0,0,0,0,0,0,0
241,1,0,0,0,0,0,0,1,0,0,0
242,0,1,0,0,0,0,0,0,0,0,0
243,2,0,0,1,0,0,0,0,0,0,1
244,0,1,0,0,0,0,0,0,0,0,0
245,0,1,0,0,0,0,0,0,0,0,0
246,2,1,0,0,1,0,0,1,0,0,0
247,3,0,0,1,0,0,0,0,0,0,0
248,2,0,0,0,0,0,0,0,0,0,0
249,0,0,0,0,0,0,0,0,0,0,0
250,0,0,0,0,0,0,0,0,0,0,0
251,0,0,0,0,0,1,0,0,0,0,0
252,1,0,0,0,0,1,0,0,0,0,0
253,1,0,0,0,0,0,0,0,0,0,0
254,3,0,1,0,1,0,0,0,0,0,0
255,0,0,0,0,0,0,0,0,0,0,0
256,3,0,0,1,0,0,0,0,0,1,0
257,3,0,1,1,0,0,0,0,0,0,0
258,2,0,0,0,0,0,0,0,0,0,1
259,2,0,0,0,0,0,0,0,0,0,1
260,3,1,0,1,0,0,0,0,0,0,1
261,1,0,0,0,0,0,0,0,0,0,0
262,2,0,0,0,0,0,0,0,0,0,0
263,3,0,1,0,1,0,1,0,0,0,1
264,3,0,1,1,0,0,0,1,0,0,0
265,2,0,0,0,1,0,0,0,0,0,0
266,1,0,0,0,0,0,0,0,0,0,0
267,1,0,0,0,0,0,0,0,0,0,0
268,2,0,0,0,0,0,0,0,0,0,0
269,0,1,0,0,0,0,0,0,0,0,0
270,2,0,0,0,0,0,0,0,0,0,0
271,1,0,0,0,0,0,0,1,0,0,0
272,1,1,0,0,0,0,0,0,0,1,0
273,2,0,0,0,1,0,0,1,0,1,0
274,3,0,0,1,0,0,0,1,1,0,0
275,3,0,1,1,0,0,0,1,0,0,0
276,1,0,0,0,0,0,0,0,0,0,0
277,1,0,0,0,0,0,0,0,0,0,0
278,1,0,0,0,0,0,0,0,0,0,0
279,3,0,1,1,0,0,0,0,0,0,0
280,2,0,0,0,0,0,0,0,0,0,0
281,1,1,0,0,0,0,0,0,0,0,0
282,2,0,0,0,0,0,0,0,0,0,0
283,2,0,0,0,0,0,0,0,0,0,1
284,1,0,0,0,0,0,0,0,0,0,0
285,0,1,0,0,0,0,0,0,0,0,0
286,0,0,0,0,0,1,0,0,0,0,0
287,2,0,0,0,1,0,0,0,0,0,1
288,2,0,0,0,1,0,0,1,1,0,0
289,2,0,0,0,1,0,0,0,0,1,0
290,2,0,0,0,0,0,0,0,0,1,0
291,3,0,1,1,0,0,0,0,0,1,1
292,2,0,0,0,0,0,0,0,0,0,1
293,3,0,1,1,0,0,0,0,1,0,1
294,0,0,0,0,0,0,0,0,0,0,0
295,3,0,1,0,1,0,0,1,0,0,0
296,3,0,1,0,1,0,1,0,0,1,0
297,2,0,0,1,0,0,0,0,0,0,0
298,0,1,0,0,0,0,0,0,0,0,0
299,2,0,0,0,0,0,0,0,0,0,0
300,3,0,1,0,1,0,0,0,0,0,0
301,3,0,0,1,0,0,0,0,0,0,1
302,3,0,0,1,0,0,0,0,0,0,0
303,3,0,1,0,1,0,0,0,0,0,0
304,3,0,0,0,1,0,1,0,0,0,0
305,2,0,0,0,0,0,0,0,0,1,0
306,1,0,0,0,0,0,0,0,0,0,0
307,2,0,0,0,1,0,0,0,0,0,0
308,3,0,0,0,1,0,0,0,0,0,0
309,2,0,0,0,0,0,1,0,0,0,0
310,2,0,0,0,0,0,0,0,0,0,0
311,3,0,0,1,0,0,0,1,0,0,0
312,0,1,0,0,0,0,0,0,0,0,0
313,2,0,0,0,1,0,0,0,0,0,0
314,3,0,1,0,1,0,0,0,0,0,0
315,3,0,0,1,0,0,0,1,1,0,0
316,0,1,0,0,0,0,0,0,0,0,0
317,2,1,0,0,0,0,0,0,0,0,1
318,0,1,0,0,0,0,0,0,0,0,0
319,2,0,0,0,1,0,0,0,0,1,1
320,0,1,0,0,0,0,0,0,0,0,0
321,2,0,0,0,0,0,0,0,0,0,1
323,2,0,0,0,1,0,0,0,0,0,1
324,0,1,0,0,0,0,0,0,0,0,0
325,3,0,1,1,0,0,1,1,0,0,0
326,3,0,0,1,0,0,0,1,1,0,0
327,0,1,0,0,0,0,0,0,0,0,0
328,3,0,0,1,0,0,0,1,1,0,0
329,1,0,0,0,0,0,0,1,0,0,0
330,1,0,0,0,0,0,0,0,0,0,0
331,3,0,0,0,1,0,0,0,0,0,0
332,2,0,0,1,0,0,0,0,0,0,1
333,1,0,0,0,0,0,0,0,0,0,0
334,1,0,0,0,0,0,0,0,0,0,0
335,2,0,0,0,0,0,1,0,0,0,0
336,2,0,0,0,1,0,0,0,0,0,0
337,2,0,0,0,0,0,0,0,0,0,0
338,2,0,0,0,0,0,0,0,0,0,0
339,1,0,0,0,0,0,0,0,0,0,0
340,3,0,1,0,1,0,1,0,0,1,1
341,3,0,0,1,0,0,0,1,1,0,0
342,2,0,0,0,1,0,1,0,0,1,0
343,0,1,0,0,0,0,0,0,0,0,0
344,3,0,0,1,0,0,0,0,0,0,0
345,1,0,0,0,0,0,0,0,0,0,0
346,2,0,0,0,1,0,0,0,0,0,0
347,1,0,0,0,0,0,0,0,0,0,0
348,1,0,0,0,0,0,0,1,0,0,0
349,0,1,0,0,0,0,0,0,0,0,0
350,2,0,0,0,0,0,0,0,0,1,0
351,2,0,0,0,0,0,0,0,0,0,0
352,2,0,0,0,1,0,0,0,0,0,0
353,2,1,0,0,0,0,0,0,0,0,0
354,2,0,0,0,0,0,0,0,0,0,1
355,0,0,0,0,0,0,0,0,0,0,0
356,3,0,1,1,0,0,0,0,0,0,1
357,2,0,0,0,0,0,0,1,0,0,0
358,2,0,0,0,0,0,0,0,0,0,0
359,2,0,0,0,1,0,0,0,0,0,0
360,3,0,1,1,0,0,0,0,0,0,0
361,2,0,0,0,1,0,0,1,0,0,0
362,1,0,0,0,0,0,0,0,0,0,1
363,2,0,0,0,1,0,0,1,0,0,0
364,3,0,1,0,0,0,1,0,0,0,0
365,2,0,0,0,0,0,0,0,0,0,1
366,2,0,0,0,0,0,0,0,0,0,0
367,2,0,0,0,0,0,0,0,0,0,1
368,2,0,0,0,0,0,0,0,0,0,0
369,2,0,0,0,0,0,0,0,0,0,0
370,2,0,0,0,0,0,0,0,0,0,0
371,2,0,0,0,0,0,0,0,0,0,0
372,2,0,0,0,0,0,0,0,0,0,0
373,3,0,1,0,1,0,1,0,0,0,0
374,3,0,1,0,1,0,0,0,0,0,0
375,3,0,0,1,0,0,0,1,1,0,0
376,2,0,0,0,0,0,0,0,0,0,1
377,3,0,1,0,1,0,0,0,0,0,0
378,0,1,0,0,0,0,0,0,0,0,0
379,2,0,0,0,1,0,0,0,0,0,0
380,2,0,0,0,1,0,0,0,0,0,0
381,2,0,0,0,0,0,0,0,0,0,1
382,3,0,0,0,1,0,0,0,0,0,0
383,2,0,0,0,0,0,0,0,0,0,0
384,2,1,0,0,0,0,0,0,0,0,1
385,2,0,0,1,0,0,0,0,0,0,0
386,2,0,0,0,0,0,0,0,0,1,0
387,1,0,0,0,0,0,0,0,0,0,0
388,2,0,0,0,0,0,0,0,0,0,0
389,2,0,0,0,1,0,0,0,0,0,1
390,1,0,0,0,0,0,0,0,0,0,0
391,1,0,0,0,0,0,0,1,0,0,0
392,2,0,0,0,0,0,0,0,0,0,0
393,1,0,0,0,0,0,0,1,0,0,0
394,0,1,0,0,0,0,0,0,0,0,0
395,0,0,0,0,0,1,0,0,0,0,0
396,0,0,0,0,0,0,0,0,0,0,0
397,1,0,0,0,0,0,0,0,0,0,0
398,0,1,0,0,0,0,0,0,0,0,0
399,3,0,0,1,0,0,0,1,1,0,0
400,3,0,0,1,0,0,0,0,0,0,0
401,2,0,0,0,0,0,0,0,0,0,0
402,0,0,0,0,0,1,0,0,0,0,0
403,2,0,0,0,0,0,0,0,0,0,0
404,2,0,0,0,0,0,0,0,0,1,0
405,2,0,0,0,0,0,0,0,0,1,0
406,2,0,0,0,0,0,0,0,0,0,0
407,2,0,0,0,0,0,0,0,0,1,0
408,0,0,0,0,0,0,0,0,0,0,0
409,1,1,0,0,0,0,0,1,0,0,0
410,0,1,0,0,0,0,0,0,0,0,0
411,0,1,0,0,0,0,0,0,0,0,0
412,3,0,0,1,0,0,1,1,1,0,0
413,2,0,0,0,1,0,0,1,0,0,0
414,3,0,1,0,1,0,0,0,0,1,0
415,3,0,0,1,0,0,0,0,0,0,0
416,2,0,0,0,1,0,0,0,0,0,0
417,1,0,0,0,0,0,0,1,0,0,0
418,2,0,0,0,1,0,0,1,0,0,0
419,2,0,0,0,1,0,0,0,0,0,0
420,1,0,0,0,0,0,0,0,0,0,0
421,3,0,0,0,0,0,1,0,0,1,0
422,2,0,0,0,0,0,0,0,0,0,0
423,2,0,0,0,0,0,0,0,0,0,0
424,2,0,0,0,0,0,0,0,0,0,0
425,1,0,0,0,0,0,0,0,0,0,0
426,2,1,0,0,0,0,0,0,0,0,0
427,3,0,0,1,0,0,0,0,0,0,0
428,1,0,0,0,0,0,0,0,0,0,0
429,2,0,0,0,0,0,0,0,0,0,0
430,0,0,0,0,0,0,0,0,0,0,0
431,2,0,0,0,0,0,0,0,0,0,0
432,0,1,0,0,0,0,0,0,0,0,0
433,1,0,0,0,0,0,0,0,0,0,0
434,3,0,1,0,1,0,0,0,0,1,0
435,2,0,0,0,0,0,0,0,0,0,1
436,2,0,0,0,0,0,0,0,0,0,1
437,3,0,1,0,1,0,0,0,0,0,0
438,1,0,0,0,0,0,0,0,0,0,0
439,1,0,0,0,0,0,0,0,0,0,0
440,3,0,1,0,1,0,1,0,0,0,0
441,3,0,0,1,0,0,0,1,1,0,0
442,2,0,0,0,1,0,0,0,0,0,0
443,2,0,0,0,0,0,0,0,0,0,0
444,3,0,1,0,1,0,0,1,1,1,0
445,1,0,0,0,0,1,0,0,0,0,0
446,2,0,0,0,0,0,1,0,0,0,0
447,1,0,0,0,0,0,0,0,0,0,0
448,2,0,0,0,1,0,0,0,0,0,0
449,2,0,0,0,1,0,0,0,0,0,0
450,0,0,0,0,0,0,0,0,0,0,0
451,1,0,0,0,0,0,0,0,0,0,0
452,0,0,0,0,0,1,0,0,0,0,0
453,3,0,1,1,0,0,0,0,0,0,0
454,0,0,0,0,0,1,0,0,0,0,0
455,3,0,0,1,0,0,0,1,1,0,0
456,3,0,0,1,0,0,0,1,0,0,0
457,0,1,0,0,0,0,0,0,0,0,0
458,3,0,1,0,1,0,1,1,0,0,0
459,1,0,0,0,0,0,0,0,0,0,1
460,1,0,0,0,0,0,0,0,0,0,0
461,1,0,0,0,0,0,0,1,0,0,0
462,3,0,1,0,1,0,0,0,0,0,0
463,1,0,0,0,0,0,0,0,0,0,1
464,2,0,0,0,1,0,0,0,0,0,0
465,3,0,0,0,1,0,0,0,1,0,0
466,3,0,0,0,1,0,0,0,0,0,1
467,0,1,0,0,0,0,0,0,0,0,0
468,1,0,0,0,0,0,0,0,0,0,0
469,3,0,1,0,1,0,0,0,0,0,0
470,2,0,0,0,1,0,0,0,0,0,0
471,3,0,1,1,0,0,1,0,0,0,0
472,1,0,0,0,0,0,0,0,0,0,1
473,0,1,0,0,0,0,0,0,0,0,0
474,1,0,0,0,0,0,0,0,0,0,0
475,1,0,0,0,0,1,0,0,0,0,0
476,3,0,0,0,1,0,1,0,0,0,0
477,2,0,0,1,0,0,0,0,0,0,0
478,0,1,0,0,0,0,0,0,0,0,0
479,2,0,0,0,0,0,0,0,0,0,0
480,2,1,0,0,0,0,0,1,0,0,0
481,0,1,0,0,0,0,0,0,0,0,0
482,3,0,1,0,1,0,0,1,1,0,0
483,0,0,0,0,0,0,0,0,0,0,0
484,2,0,0,0,1,0,0,1,0,0,0
485,2,0,0,0,0,0,0,0,0,1,0
486,2,0,0,0,0,0,0,0,0,1,0
487,1,0,0,0,0,0,0,0,0,0,0
488,2,0,0,1,0,0,0,0,0,0,1
489,3,0,1,1,0,0,0,1,0,0,0
490,1,0,0,0,0,0,0,0,0,0,0
491,0,1,0,0,0,0,0,0,0,0,0
492,1,0,0,0,0,0,0,0,0,0,0
493,3,0,0,1,0,0,0,0,0,1,0
494,3,0,0,1,0,0,0,0,0,0,0
495,0,1,0,0,0,0,0,0,0,0,0
496,1,0,0,0,0,0,0,0,0,0,0
497,0,1,0,0,0,0,0,0,0,0,0
498,3,0,0,1,0,0,0,0,0,0,1
499,1,0,0,0,0,0,0,0,0,0,0
500,2,0,0,0,0,0,0,0,0,1,0
501,2,1,0,0,0,0,0,0,0,0,0
502,2,0,0,0,1,0,0,0,0,0,1
503,0,0,0,0,0,0,0,0,0,0,0
504,0,0,0,0,0,1,0,0,0,0,0
505,3,0,1,0,1,0,0,0,0,0,0
506,0,1,0,0,0,0,0,0,0,0,0
507,1,0,0,0,0,0,0,0,0,0,0
508,1,0,0,0,0,0,0,0,0,0,0
509,1,0,0,0,0,0,0,0,0,0,0
510,0,0,0,0,0,1,0,0,0,0,0
511,2,0,0,0,0,0,0,0,0,0,0
512,0,1,0,0,0,0,0,0,0,0,0
513,3,0,1,0,1,0,0,0,0,0,0
514,2,0,0,0,0,0,1,0,0,0,0
515,0,1,0,0,0,0,0,0,0,0,0
516,1,0,0,0,0,0,0,1,0,0,0
517,2,0,0,0,0,0,0,1,0,0,0
518,2,0,0,0,1,0,0,0,0,0,0
519,2,1,0,0,0,0,0,0,0,0,0
520,1,0,0,0,0,0,0,0,0,1,0
521,1,0,0,0,0,0,0,0,0,0,0
522,3,0,0,0,1,0,0,0,0,0,0
523,1,0,0,0,0,0,0,1,0,0,0
524,2,0,0,0,1,0,0,1,0,0,0
525,1,0,0,0,0,0,0,0,0,0,0
526,2,0,0,0,0,0,0,1,0,0,0
527,1,0,0,0,0,0,0,0,0,0,0
528,3,0,1,0,1,0,0,0,0,0,0
529,2,0,0,0,0,0,0,0,0,0,0
530,3,0,0,1,0,0,0,0,0,0,0
531,1,0,0,0,0,0,0,0,0,0,1
532,3,0,0,1,0,0,0,1,0,0,0
533,3,0,1,0,1,0,0,0,0,1,0
534,1,0,0,0,0,0,0,0,0,0,0
535,2,0,0,0,0,0,0,0,0,0,0
537,2,0,0,0,1,0,0,0,0,0,1
538,2,0,0,0,1,0,0,0,0,0,0
539,2,0,0,0,0,0,0,0,0,0,0
540,1,0,0,0,0,0,0,0,0,0,0
541,0,1,0,0,0,0,0,0,0,0,0
542,2,0,0,0,0,0,0,0,0,1,0
544,2,0,0,1,0,0,0,0,0,0,0
545,0,0,0,0,0,0,0,0,0,0,0
546,1,0,0,0,0,0,0,0,0,0,0
547,0,0,0,0,0,0,0,0,0,0,0
548,2,0,0,0,0,0,0,1,0,0,0
549,2,0,0,0,0,0,1,0,0,0,0
550,2,0,0,0,1,0,0,0,0,0,1
551,2,0,0,0,1,0,0,0,0,0,1
552,2,0,0,0,0,0,0,0,0,0,1
553,2,0,0,0,0,0,0,0,0,0,0
554,1,0,0,0,0,0,0,0,0,0,0
555,2,0,0,0,0,0,0,0,0,0,1
556,2,0,0,0,1,0,0,1,0,0,0
557,0,1,0,0,0,0,0,0,0,0,0
558,3,0,1,1,0,0,0,1,0,0,0
559,0,1,0,0,0,0,0,0,0,0,0
560,2,0,0,0,0,0,1,0,0,0,0
561,3,0,1,0,1,0,0,1,0,0,0
562,1,0,0,0,0,0,0,0,0,0,0
563,3,0,1,1,0,0,0,1,1,0,0
564,2,0,0,1,0,0,0,0,0,0,0
565,2,0,0,0,0,0,0,0,0,1,0
566,0,1,0,0,0,0,0,0,0,0,0
567,2,0,0,0,0,0,0,0,0,1,0
568,1,0,0,0,0,0,0,0,0,0,1
569,2,1,0,0,0,0,0,0,0,0,1
570,0,1,0,0,0,0,0,0,0,0,0
571,3,0,1,1,0,0,0,0,0,0,0
572,3,0,0,1,0,0,0,1,1,0,0
573,2,0,0,0,0,0,0,0,0,0,1
574,3,0,1,1,0,0,1,0,0,0,1
575,3,0,1,1,0,0,0,1,0,0,0
576,2,0,0,0,1,0,0,0,0,0,0
577,2,0,0,0,0,0,0,0,0,1,0
578,2,0,0,0,0,0,0,0,0,0,1
579,2,0,0,0,0,0,0,0,0,0,1
580,1,0,0,0,0,0,0,0,0,0,0
581,2,0,0,1,0,0,0,0,0,0,0
582,2,1,0,0,0,0,0,0,0,0,1
583,2,0,0,0,1,0,0,0,0,0,0
584,2,0,0,0,1,0,0,0,0,0,1
585,2,0,0,0,0,0,0,0,0,0,0
586,2,0,0,0,0,0,0,0,0,0,0
587,2,0,0,0,1,0,0,1,0,0,0
588,0,1,0,0,0,0,0,0,0,0,0
589,0,1,0,0,0,0,0,0,0,0,0
590,0,0,0,0,0,1,0,0,0,0,0
591,2,0,0,0,1,0,0,0,0,0,1
592,0,1,0,0,0,0,0,0,0,0,0
593,0,1,0,0,0,0,0,0,0,0,0
594,3,0,1,0,1,0,0,0,0,0,0
595,0,1,0,0,0,0,0,0,0,0,0
596,0,0,0,0,0,0,0,0,0,0,0
597,2,1,0,0,1,0,0,1,0,0,0
598,3,0,1,0,1,0,0,0,0,0,0
599,2,0,0,0,1,0,0,0,0,0,1
600,3,0,0,1,0,0,0,1,1,0,0
601,2,0,0,0,1,0,0,1,0,0,0
602,1,0,0,0,0,0,0,0,1,0,0
603,0,1,0,0,0,0,0,0,0,0,0
604,1,0,0,0,0,0,0,0,0,0,0
605,3,0,1,1,0,0,0,0,0,0,0
606,0,1,0,0,0,0,0,0,0,0,0
607,0,0,0,0,0,1,0,0,0,0,0
608,2,0,0,0,1,0,1,0,0,0,1
609,0,1,0,0,0,0,0,0,0,0,0
610,3,0,1,1,0,0,0,0,0,0,0
611,2,0,0,0,1,0,0,0,0,0,0
612,1,1,0,0,0,0,0,0,0,0,0
613,3,0,1,0,1,0,0,0,0,0,0
614,2,0,0,0,0,0,0,0,0,0,0
615,3,0,0,1,0,0,0,0,0,0,0
616,3,0,0,1,0,0,0,1,0,0,0
617,3,0,1,0,0,0,0,0,0,0,0
618,2,0,0,0,1,0,0,1,0,0,0
619,3,0,0,0,1,0,1,0,0,0,0
620,1,0,0,0,0,0,0,0,0,0,0
621,1,0,0,0,0,0,0,0,0,0,0
622,3,0,0,1,0,0,0,1,1,0,0
623,0,0,0,0,0,1,0,0,0,0,0
624,3,0,0,0,1,0,1,0,0,0,0
625,3,0,1,0,1,0,1,0,0,0,0
626,3,1,1,0,1,0,0,0,0,0,0
627,2,0,0,0,0,0,0,0,0,0,1
628,3,0,0,0,0,0,1,0,0,0,0
629,0,0,0,0,0,1,0,0,0,0,0
630,3,0,0,1,0,0,0,0,0,0,0
631,0,1,0,0,0,0,0,0,0,0,0
632,2,0,0,0,0,0,0,0,0,0,0
633,2,0,0,0,0,0,0,0,0,1,0
634,3,0,0,1,0,0,0,0,0,1,0
635,2,0,0,1,0,0,0,0,0,0,1
636,2,0,0,0,1,0,0,0,0,0,1
637,2,0,0,0,1,0,0,1,0,0,0
638,2,0,0,0,1,0,0,1,0,0,0
640,3,0,0,1,0,0,0,1,0,0,0
641,0,0,0,0,0,1,0,0,0,0,0
642,3,0,0,1,0,0,0,1,1,0,0
643,3,0,0,1,0,0,0,0,0,0,0
644,0,0,0,0,0,0,0,0,0,0,0
645,2,0,0,0,1,0,0,1,0,0,0
646,1,0,0,0,0,0,0,0,0,0,0
647,0,0,0,0,0,0,0,0,0,0,0
648,2,0,0,0,0,0,0,0,0,0,0
649,2,0,0,0,0,0,0,0,0,0,0
650,2,0,0,0,0,0,0,0,0,0,0
651,2,0,0,0,1,0,0,0,0,0,1
652,3,0,0,1,0,0,0,1,1,0,0
653,2,0,0,0,0,0,0,0,0,0,1
654,1,0,0,0,0,0,0,0,0,0,0
655,0,1,0,0,0,0,0,0,0,0,0
656,3,0,0,1,0,0,0,1,1,0,0
657,2,0,0,0,0,0,0,0,0,1,0
658,3,0,1,1,0,0,1,0,0,0,1
659,2,0,0,0,1,0,0,0,0,0,0
660,1,1,1,0,0,0,0,1,0,0,0
661,2,0,0,0,0,0,0,0,0,0,0
662,1,0,0,0,0,0,0,0,0,0,0
663,2,0,0,0,0,0,0,0,0,0,1
664,3,0,1,0,1,0,0,0,0,0,0
665,1,0,0,0,0,0,0,0,0,0,0
666,1,0,0,0,0,0,0,0,0,0,0
667,2,0,0,0,0,0,0,0,0,0,0
668,0,0,0,0,0,1,0,0,0,0,0
669,0,0,0,0,0,1,0,0,0,0,0
670,2,0,0,0,1,0,0,0,0,0,0
671,2,0,0,0,0,0,0,0,0,0,0
672,0,1,0,0,0,0,0,0,0,0,0
673,2,0,0,0,1,0,0,0,0,0,0
674,2,0,0,0,1,0,1,1,0,0,0
675,2,0,0,0,0,0,0,0,0,0,1
676,1,0,0,0,0,0,0,1,0,0,0
677,3,0,0,1,0,0,0,1,1,0,0
678,2,0,0,0,1,0,0,0,0,0,0
679,2,0,0,0,0,0,0,0,0,0,0
680,2,1,0,0,1,0,0,1,0,0,0
681,1,0,0,0,0,0,0,0,0,0,0
682,3,1,1,0,1,0,0,0,0,0,0
683,2,0,0,0,0,0,0,0,0,0,1
684,2,0,0,0,0,0,0,0,0,0,0
685,3,0,1,0,1,0,1,0,0,0,0
686,3,0,0,0,1,0,0,0,0,0,0
687,3,0,1,0,1,0,1,0,0,0,0
688,2,0,0,0,0,0,0,0,0,0,0
689,0,1,0,0,0,0,0,0,0,0,0
690,2,0,0,0,0,0,0,0,0,0,0
691,1,0,0,0,0,0,0,0,0,0,0
692,2,0,0,0,0,0,0,0,0,0,0
693,3,0,0,1,0,0,0,0,0,0,1
694,1,0,0,0,0,0,0,0,0,0,0
695,2,0,0,0,0,0,0,0,0,0,0
696,3,0,0,0,1,0,0,0,0,0,0
697,2,0,0,0,0,0,0,0,0,0,0
698,0,0,0,0,0,0,0,0,0,0,0
699,3,0,0,1,0,1,0,1,0,0,0
700,0,1,0,0,0,0,0,0,0,0,0
701,2,0,0,1,0,0,0,0,0,0,0
702,1,0,0,0,0,0,0,1,0,0,0
703,2,0,0,0,1,0,0,0,0,0,0
704,3,0,1,1,0,0,1,0,0,0,0
705,3,0,1,0,1,0,0,0,0,1,0
706,1,0,0,0,0,0,0,0,0,0,0
707,3,0,1,1,0,0,0,0,0,0,0
708,3,0,0,1,0,0,0,1,1,0,0
709,3,0,1,0,1,0,0,0,0,0,0
710,2,0,0,0,1,0,0,0,0,0,0
711,1,1,0,0,0,0,0,0,0,0,1
712,3,0,1,0,0,0,1,0,0,0,0
713,2,0,0,0,0,0,0,0,0,1,0
714,2,0,0,0,0,0,0,0,0,1,0
715,2,0,0,0,0,0,0,0,0,0,0
716,1,0,0,0,0,0,0,0,0,0,0
717,2,0,0,0,1,0,0,0,0,0,0
718,3,0,0,1,0,0,1,1,0,0,0
719,2,0,0,0,1,0,0,0,0,0,0
720,3,0,1,0,1,0,0,1,1,0,0
721,2,0,0,0,0,0,1,0,0,0,1
722,1,0,0,0,0,0,0,0,0,0,0
723,2,0,0,0,0,0,0,0,0,0,0
724,2,0,0,0,1,0,0,0,0,0,0
725,3,0,1,1,0,0,0,1,1,0,0
726,2,0,0,0,1,0,0,1,0,0,0
727,1,0,0,0,0,0,0,0,0,0,0
728,0,1,0,0,0,0,0,0,0,0,0
729,3,0,1,0,1,0,1,0,0,0,0
730,2,0,0,0,0,0,0,0,0,0,1
731,1,0,0,0,0,0,0,0,0,0,0
732,1,0,0,0,0,0,0,0,0,0,0
733,1,0,0,0,0,0,0,0,0,0,0
734,1,0,0,0,0,0,0,0,0,0,0
735,2,0,0,0,0,0,0,0,0,0,0
736,3,0,1,1,0,0,1,1,0,1,0
737,2,0,0,1,0,0,0,0,0,0,1
738,0,1,0,0,0,0,0,0,0,0,0
739,2,0,0,1,0,0,0,0,0,0,0
740,0,0,0,0,0,1,0,0,0,0,0
741,1,0,0,0,0,0,0,0,0,0,0
742,2,0,0,0,0,0,0,0,0,1,0
743,0,1,0,0,0,0,0,0,0,0,0
744,2,1,0,0,1,0,0,0,0,0,0
745,2,0,0,0,0,0,0,0,0,0,0
746,3,0,1,0,1,0,1,0,0,1,1
747,1,0,0,0,0,0,0,0,0,0,0
748,1,0,0,0,0,0,0,0,0,0,0
749,3,0,1,0,1,0,0,0,0,0,0
750,2,0,0,1,0,0,0,0,0,0,0
751,1,0,0,0,0,0,0,0,0,0,0
752,1,0,0,0,0,1,0,0,0,0,0
753,0,1,0,0,0,0,0,0,0,0,0
754,0,1,0,0,0,0,0,0,0,0,0
755,2,0,0,0,1,0,0,0,0,0,0
756,1,0,0,0,0,0,0,0,0,0,0
757,1,0,0,0,0,0,0,0,0,0,0
758,2,0,0,0,0,0,0,1,0,0,0
759,2,0,0,0,0,0,0,0,0,0,0
760,1,0,0,0,0,1,0,0,0,0,0
761,3,0,1,0,0,0,1,0,0,0,0
762,1,0,0,0,0,0,0,0,0,0,0
763,3,0,1,0,1,0,0,0,0,0,0
764,2,0,0,0,1,0,0,0,0,0,0
765,1,0,0,0,0,0,0,0,0,0,0
766,3,0,0,1,0,0,0,0,0,0,1
767,1,0,0,0,0,0,0,0,0,0,1
768,1,1,0,0,0,0,0,0,0,0,0
769,2,0,0,0,0,0,0,0,0,0,0
770,2,0,0,0,0,0,0,0,0,0,0
771,0,1,0,0,0,0,0,0,0,0,0
772,2,0,0,0,0,0,0,0,0,0,0
773,2,0,0,0,0,0,0,0,0,0,1
774,3,0,1,0,1,0,0,0,0,0,1
775,2,0,0,0,1,0,0,0,0,0,0
776,0,1,0,0,0,0,0,0,0,0,0
777,3,0,1,0,0,0,0,0,0,0,0
778,2,0,0,0,0,0,0,0,0,1,0
779,0,0,0,0,0,0,0,0,0,0,0
780,2,0,0,0,0,0,0,0,0,0,0
781,2,1,0,0,1,0,0,0,0,0,0
782,2,0,0,1,0,0,0,0,0,0,0
783,1,0,0,0,0,0,0,0,0,0,0
784,0,1,0,0,0,0,0,0,0,0,0
785,3,0,1,0,1,0,0,0,0,0,0
786,1,0,0,0,0,0,0,0,0,0,0
787,1,0,0,0,0,0,0,0,0,0,0
788,0,0,0,0,0,1,0,0,0,0,0
789,1,0,0,0,0,0,0,0,0,0,0
790,0,1,0,0,0,0,0,0,0,0,0
791,3,0,1,0,1,0,0,1,0,0,0
792,3,0,0,1,0,0,0,0,0,0,0
793,2,0,0,0,0,0,0,0,0,0,0
794,3,0,1,1,0,0,0,0,0,1,1
795,1,0,0,0,0,0,0,0,0,0,0
796,2,0,0,0,1,0,0,0,0,0,0
797,3,0,0,0,1,0,0,0,0,1,1
798,2,0,0,0,0,0,0,0,0,0,0
799,2,1,0,0,0,0,0,1,0,0,0
800,1,0,0,0,0,0,0,0,0,0,0
801,1,0,0,0,0,0,0,0,0,0,0
802,2,0,0,0,0,0,0,0,0,0,0
803,2,0,0,0,0,0,0,0,0,0,0
804,0,0,0,0,0,1,0,0,0,0,0
805,2,0,0,0,1,0,0,0,0,0,0
806,2,0,0,0,0,0,0,0,0,0,0
807,2,0,0,0,0,0,0,0,0,0,0
808,2,0,0,0,0,0,0,0,0,0,0
809,3,0,0,0,1,0,0,0,0,0,1
810,2,0,0,0,0,0,0,0,0,0,0
811,1,0,0,0,0,0,0,0,0,0,0
812,2,0,0,0,0,0,0,0,0,0,0
813,1,0,0,0,0,0,0,1,0,0,0
814,2,0,0,0,0,0,0,0,0,1,0
815,3,0,0,1,0,0,0,1,1,0,0
816,3,0,0,1,0,0,0,1,1,0,0
817,3,0,1,0,0,0,1,0,0,0,0
818,2,0,0,0,1,0,0,0,0,0,1
819,2,1,0,0,0,0,0,0,0,1,1
820,2,0,0,0,0,0,0,0,0,0,1
821,1,0,0,0,0,0,0,0,0,0,0
822,0,1,0,0,0,0,0,0,0,0,0
823,0,1,0,0,0,0,0,0,0,0,0
824,0,1,0,0,0,0,0,0,0,0,0
825,1,0,0,0,0,0,0,0,0,0,0
826,3,0,1,0,1,0,0,0,0,1,0
827,1,0,0,0,0,0,0,0,0,0,0
828,0,1,0,0,0,0,0,0,0,0,0
829,3,0,0,1,0,0,0,0,0,0,0
830,0,1,0,0,0,0,0,0,0,0,0
831,1,0,0,0,0,0,0,0,0,0,0
832,1,0,0,0,0,0,0,1,0,0,0
833,2,0,0,1,0,0,1,0,0,0,0
834,2,0,0,0,1,0,0,0,0,0,0
835,1,0,0,0,0,0,0,0,0,0,0
836,1,0,0,0,0,0,0,0,0,0,0
837,3,0,1,0,1,0,0,0,0,0,0
838,2,0,0,0,1,0,0,0,0,0,0
839,2,0,0,0,0,0,0,0,0,0,0
840,2,0,0,0,1,0,1,1,0,0,0
841,2,0,0,1,0,0,0,0,0,0,0
842,2,0,0,1,0,0,0,0,0,0,0
843,1,0,0,0,0,0,0,0,0,0,0
844,2,1,0,0,0,0,0,0,0,0,0
845,2,0,0,0,0,0,0,0,0,0,0
846,2,0,0,0,1,0,0,0,0,0,1
847,2,0,0,0,0,0,1,0,0,0,0
848,3,0,1,0,1,0,0,0,0,0,0
849,2,0,0,0,0,0,0,0,0,1,0
850,0,1,0,0,0,0,0,0,0,0,0
851,1,0,0,0,0,0,0,0,0,0,0
852,3,0,1,0,1,0,0,1,0,0,0
853,0,0,0,0,0,1,0,0,0,0,0
854,2,0,0,0,1,0,0,0,0,0,0
855,0,0,0,0,0,0,0,0,0,0,0
856,2,0,0,0,0,0,0,0,0,1,0
857,0,1,0,0,0,0,0,0,0,0,0
858,2,1,0,0,0,0,0,0,0,0,1
859,3,0,1,0,1,0,1,0,0,0,0
860,1,0,0,0,0,0,0,1,0,0,0
861,1,0,0,0,0,0,0,0,0,0,0
862,0,0,0,0,0,1,0,0,0,0,0
863,1,0,0,0,0,0,0,0,0,0,0
864,1,0,0,0,0,0,0,1,0,0,0
865,2,0,0,0,0,0,0,0,0,0,1
866,3,0,1,0,1,0,0,0,0,0,0
867,3,0,0,0,0,0,1,0,0,0,0
868,2,0,0,0,1,0,0,0,0,0,0
869,3,0,1,1,0,0,0,0,0,0,0
870,3,0,0,1,0,0,0,0,0,0,0
871,3,0,0,1,0,0,1,0,0,0,1
872,2,0,0,0,0,0,1,0,0,0,0
873,2,1,0,0,0,0,0,0,0,0,0
874,3,0,0,1,0,0,0,1,1,0,0
875,3,0,1,0,1,0,0,0,0,0,0
876,3,0,0,1,0,0,1,1,0,0,0
877,3,0,1,0,1,0,0,1,0,0,0
878,3,0,0,1,0,0,0,1,1,0,0
879,0,1,0,0,0,0,0,0,0,0,0
880,0,0,0,0,0,1,0,0,0,0,0
881,1,0,0,0,0,0,0,0,0,0,0
882,3,0,1,1,0,0,0,0,0,0,0
883,2,0,0,0,0,0,0,0,0,0,1
884,3,0,1,0,1,0,0,0,0,0,0
885,0,1,0,0,0,0,0,0,0,0,0
886,3,0,0,1,0,0,0,1,1,0,0
887,2,0,0,0,0,0,0,0,0,1,1
888,2,0,0,0,0,0,0,0,0,0,0
889,1,0,0,0,0,0,0,0,0,0,0
890,1,0,0,0,0,0,0,0,0,0,0
891,3,0,1,1,0,0,0,1,0,0,0
892,3,0,0,0,1,0,0,1,0,1,0
893,0,0,0,0,0,1,0,0,0,0,0
894,3,0,1,0,1,0,0,0,0,0,0
895,0,1,0,0,0,0,0,0,0,0,0
896,0,1,0,0,0,0,0,0,0,0,0
897,1,0,0,0,0,0,0,0,0,0,0
898,1,0,0,0,0,0,0,1,0,0,0
899,0,1,0,0,0,0,0,0,0,0,0
900,1,0,0,0,0,0,0,0,0,0,0
901,3,0,1,0,1,0,0,0,0,0,0
902,3,0,1,0,1,0,0,0,0,0,0
903,0,1,0,0,0,0,0,0,0,0,0
904,3,0,0,0,1,0,0,0,0,0,0
905,3,0,1,0,1,0,0,0,0,0,0
906,0,0,0,0,0,1,0,0,0,0,0
907,1,0,0,0,0,0,0,0,0,0,0
908,0,1,0,0,0,0,0,0,0,0,0
909,2,0,0,0,1,0,0,0,0,0,0
910,0,1,0,0,0,0,0,0,0,0,0
911,2,0,0,0,0,0,0,0,0,0,0
912,3,0,0,1,0,0,0,0,0,0,0
913,0,1,0,0,0,0,0,0,0,0,0
914,2,0,0,0,0,0,0,0,0,0,0
915,2,0,0,0,1,0,0,1,0,0,0
916,2,0,0,0,0,0,0,0,0,0,1
917,1,0,0,0,0,0,0,0,0,0,0
918,2,0,0,0,0,0,0,0,0,0,0
919,2,0,0,0,1,0,0,0,0,0,0
920,3,0,1,0,1,0,0,1,0,0,0
921,1,0,0,0,0,0,0,0,0,0,0
922,0,1,0,0,0,0,0,0,0,0,0
923,2,0,0,0,0,0,0,0,0,1,0
924,3,0,1,0,1,0,0,0,0,0,0
925,0,0,0,0,0,0,0,0,0,0,0
926,0,1,0,0,0,0,0,0,0,0,0
927,0,0,0,0,0,0,0,0,0,0,0
928,2,0,0,0,0,0,0,1,0,0,0
929,3,0,0,1,0,0,0,0,0,0,0
930,2,0,0,0,1,0,0,0,0,0,0
931,1,0,0,0,0,0,0,0,0,0,0
932,0,1,0,0,0,0,0,0,0,0,0
933,2,0,0,0,0,0,0,0,0,0,0
934,2,0,0,0,0,0,0,0,0,0,0
935,3,0,1,0,1,0,0,0,0,1,0
936,1,0,0,0,0,0,0,0,0,0,0
937,2,0,0,0,0,0,0,0,0,0,0
938,2,0,0,0,1,0,0,0,0,1,0
939,1,0,0,0,0,0,0,0,0,0,0
940,3,0,1,0,1,0,1,0,0,0,0
941,1,0,0,0,0,0,0,0,0,0,0
942,1,0,0,0,0,0,0,0,0,0,0
943,3,0,0,1,0,0,0,0,0,0,0
944,3,0,0,0,1,0,1,0,0,1,0
945,2,0,0,0,0,0,0,1,0,0,0
946,2,0,0,1,0,0,0,0,0,0,0
947,3,0,0,1,0,0,0,0,0,1,1
948,0,1,0,0,0,0,0,0,0,0,0
949,2,0,0,0,1,0,0,0,0,0,0
950,3,0,1,0,1,0,0,0,0,0,0
951,3,0,1,0,0,0,0,0,0,0,0
952,1,0,0,0,0,0,0,1,0,0,0
953,2,0,0,1,0,0,1,0,0,0,0
954,2,0,0,0,0,0,0,0,0,0,0
955,2,0,0,0,1,0,0,0,0,0,0
956,0,0,0,0,0,0,0,0,0,0,0
957,3,0,1,0,1,0,0,0,0,0,0
958,1,0,0,0,0,0,0,0,0,0,0
959,2,0,0,0,1,0,0,0,0,0,0
960,3,0,1,1,0,0,0,1,0,0,0
961,3,0,1,0,1,0,0,0,0,0,0
962,2,0,0,0,1,0,0,0,0,0,0
963,0,0,0,0,0,0,0,0,0,0,0
964,1,0,0,0,0,0,0,0,1,0,0
965,1,0,0,0,0,0,0,0,0,0,0
966,0,1,0,0,0,0,0,0,0,0,0
967,1,0,0,0,0,1,0,0,0,0,0
968,2,0,0,0,1,0,0,0,0,0,0
969,0,1,0,0,0,0,0,0,0,0,0
970,0,0,0,0,0,1,0,0,0,0,0
971,1,0,0,0,0,0,0,0,0,0,0
972,0,1,0,0,0,0,0,0,0,0,0
973,2,0,0,0,0,0,0,0,0,0,0
974,2,0,0,0,0,0,0,0,0,0,0
975,2,0,0,0,0,0,0,0,0,1,0
976,2,0,0,0,1,0,0,0,0,0,0
977,3,0,0,1,0,0,0,0,0,0,1
978,2,0,0,0,0,0,0,0,0,0,0
979,1,0,0,0,0,0,0,0,0,0,0
980,0,1,0,0,0,0,0,0,0,0,0
981,2,0,0,0,0,0,0,0,0,0,0
982,2,0,0,0,0,0,0,0,0,0,1
983,0,1,0,0,0,0,0,0,0,0,0
984,1,0,0,0,0,0,0,0,0,0,0
985,2,0,0,0,1,0,0,1,0,0,0
986,1,0,0,0,0,0,0,0,0,0,0
987,1,0,0,0,0,0,0,0,0,0,0
988,1,0,0,0,0,0,0,0,0,0,1
989,3,0,0,1,0,0,0,0,0,0,1
990,1,0,0,0,0,0,0,0,0,0,0
991,0,1,0,0,0,0,0,0,0,0,0
992,2,0,0,1,0,0,0,1,0,0,0
993,1,0,0,0,0,0,0,0,0,0,0
994,2,0,0,0,1,0,0,0,0,0,0
995,3,0,0,1,0,0,0,0,0,0,0
996,2,0,0,0,1,0,0,1,0,0,0
997,1,0,0,0,0,0,0,1,0,0,0
998,0,1,0,0,0,0,0,0,0,0,0
999,3,0,0,1,0,0,0,1,1,0,0
1000,0,1,0,0,0,0,0,0,0,0,0
1001,1,0,0,0,0,0,0,0,0,0,0
1002,2,0,0,0,1,0,0,0,0,1,0
1003,1,1,0,0,0,0,0,0,0,0,0
1004,1,0,0,0,0,0,0,0,0,0,0
1005,0,1,0,0,0,0,0,0,0,0,0
1006,2,0,0,0,0,0,0,0,0,0,0
1007,2,0,0,0,1,0,0,0,0,0,0
1008,2,0,0,0,1,0,0,0,0,0,0
1009,1,0,0,0,0,0,0,1,0,0,0
1010,1,0,0,0,0,0,0,0,0,0,0
1011,2,0,0,0,0,0,0,0,0,0,0
1012,0,0,0,0,0,1,0,0,0,0,0
1013,1,0,0,0,0,0,0,0,0,0,0
1014,1,0,0,0,0,0,0,0,0,0,0
1015,2,0,0,0,1,0,0,0,0,1,0
1016,3,0,0,0,1,0,0,0,0,1,1
1017,2,0,0,0,0,0,0,0,0,0,0
1018,1,0,0,0,0,0,0,0,0,0,0
1019,2,0,0,0,0,0,0,0,0,0,0
1020,2,0,0,0,1,0,0,0,0,0,0
1021,1,0,0,0,0,0,0,0,0,0,0
1022,0,1,0,0,0,0,0,0,0,0,0
1023,2,0,0,0,0,0,0,1,0,1,0
1024,2,0,0,0,0,0,0,0,0,0,1
1025,0,1,0,0,0,0,0,0,0,0,0
1026,0,1,0,0,0,0,0,0,0,0,0
1027,3,0,1,1,0,0,0,0,0,0,0
1028,3,0,0,1,0,0,0,1,0,0,0
1029,3,0,1,0,1,0,0,0,0,0,0
1030,2,0,0,0,1,0,0,0,0,0,0
1031,2,0,0,0,0,0,0,0,0,0,0
1032,1,0,0,0,0,0,0,0,0,0,1
1033,3,0,1,1,0,0,0,1,0,1,0
1034,2,0,0,0,1,0,0,1,0,0,0
1035,2,0,0,0,1,0,0,0,0,0,0
1036,3,0,1,0,1,0,0,0,0,1,0
1037,2,0,0,0,1,0,0,0,0,0,0
1038,2,0,0,0,1,0,0,1,0,0,0
1039,1,0,0,0,0,0,0,1,0,0,0
1040,2,0,0,0,0,0,0,0,0,0,0
1041,1,0,0,0,0,0,0,0,0,0,0
1042,1,0,0,0,0,1,0,0,0,0,0
1043,0,1,0,0,0,0,0,0,0,0,0
1044,2,0,0,0,0,0,0,1,0,0,0
1045,2,0,0,0,1,0,0,0,0,1,0
1046,2,0,0,0,1,0,0,0,0,0,0
1047,1,0,0,0,0,0,0,0,0,0,0
1048,2,0,0,0,0,0,0,0,0,0,0
1049,0,0,0,0,0,0,0,0,0,0,0
1050,1,0,0,0,0,0,0,0,0,0,0
1051,1,0,0,0,0,0,0,0,0,0,0
1052,2,0,0,1,0,0,0,0,0,0,0
1053,1,0,0,0,0,0,0,0,0,0,1
1054,0,1,0,0,0,0,0,0,0,0,0
1055,0,1,0,0,0,0,0,0,0,0,0
1056,2,0,0,0,1,0,0,0,0,0,0
1057,2,0,0,1,0,0,0,0,0,0,0
1058,3,0,1,0,1,0,0,0,0,0,0
1059,2,0,0,0,0,0,0,0,0,1,0
1060,3,0,0,1,0,0,0,0,1,0,1
1061,3,0,0,1,0,0,0,0,1,0,1
1062,1,0,0,0,0,0,0,0,0,0,0
1063,2,1,0,1,0,0,0,0,0,0,0
1064,1,0,0,0,0,0,0,0,0,0,0
1065,0,0,0,0,0,0,0,0,0,0,0
1066,1,0,0,0,0,0,0,0,0,0,0
1067,1,0,0,0,0,0,0,0,0,0,0
1068,2,0,0,0,0,0,0,0,0,0,0
1069,3,0,1,1,0,0,0,1,1,0,0
1070,2,0,0,0,1,0,0,0,0,0,0
1071,3,0,1,0,1,0,0,0,0,0,0
1072,2,0,0,0,1,0,0,0,0,0,0
1073,0,0,0,0,0,0,0,0,0,0,0
1074,2,0,0,0,0,0,0,1,0,0,0
1075,1,0,0,0,0,0,0,0,0,0,0
1076,0,1,0,0,0,0,0,0,0,0,0
1077,1,0,0,0,0,0,0,0,0,0,0
1078,0,1,0,0,0,0,0,0,0,0,0
1079,1,0,0,0,0,0,0,0,0,0,0
1080,2,0,0,1,0,0,0,0,0,0,1
1081,1,0,0,0,0,0,0,0,0,0,0
1082,0,1,0,0,0,0,0,0,0,0,0
1083,3,0,0,1,0,0,0,1,1,0,0
1084,2,0,0,0,1,0,0,1,0,0,0
1085,0,0,0,0,0,0,0,0,0,0,0
1086,0,0,0,0,0,0,0,0,0,0,0
1087,2,0,0,0,1,0,0,0,0,0,0
1088,3,0,1,0,0,0,0,0,0,0,0
1089,1,0,0,0,0,0,0,0,0,0,1
1090,3,0,0,0,1,0,0,1,0,0,1
1091,0,0,0,0,0,0,0,0,0,0,0
1092,2,1,0,0,0,0,0,0,0,0,0
1093,0,1,0,0,0,0,0,0,0,0,0
1094,2,0,1,0,0,0,0,0,0,0,0
1095,1,0,0,0,0,0,0,0,0,0,1
1096,0,1,0,0,0,0,0,0,0,0,0
1097,2,0,0,0,0,0,0,0,0,1,0
1098,3,0,0,0,1,0,1,0,0,1,0
1099,2,0,0,0,0,0,0,0,0,0,0
1100,2,0,0,0,0,0,0,0,0,0,1
1101,1,0,0,0,0,0,0,0,0,0,0
1102,0,0,0,0,0,0,0,0,0,0,0
1103,2,0,0,0,1,0,0,0,0,0,0
1104,0,1,0,0,0,0,0,0,0,0,0
1105,3,0,1,1,0,0,0,0,0,1,0
1106,2,0,0,0,0,0,0,0,0,0,1
1107,2,0,0,0,0,0,0,0,0,0,0
1108,3,0,0,0,1,0,0,0,0,1,0
1109,1,0,0,0,0,0,0,0,0,0,1
1110,1,0,0,0,0,0,0,0,0,0,0
1111,2,0,0,1,0,0,0,0,0,0,0
1112,2,0,0,0,0,0,0,0,0,0,0
1113,1,0,0,0,0,0,0,0,0,0,0
1114,0,1,0,0,0,0,0,0,0,0,0
1115,0,1,0,0,0,0,0,0,0,0,0
1116,2,0,0,0,0,0,0,1,0,0,0
1117,0,1,0,0,0,0,0,0,0,0,0
1118,1,0,0,0,0,0,0,0,0,0,0
1119,1,0,0,0,0,0,0,1,0,0,0
1120,0,1,0,0,0,0,0,0,0,0,0
1121,3,0,0,1,0,0,0,0,0,0,1
1122,1,0,0,0,0,0,0,0,0,0,0
1123,1,0,0,0,0,0,0,0,0,0,0
1124,3,0,0,1,0,0,0,0,0,0,0
1125,2,0,0,0,0,0,0,0,0,0,0
1126,2,1,0,0,1,0,0,0,0,0,0
1127,2,0,0,0,0,0,0,0,0,0,0
1128,2,0,0,1,0,0,0,0,0,0,0
1129,2,0,1,0,1,0,0,1,1,0,0
1130,2,0,0,0,1,0,0,0,0,0,0
1131,0,1,0,0,0,0,0,0,0,0,0
1132,0,0,0,0,0,1,0,0,0,0,0
1133,1,0,0,0,0,0,0,0,0,0,0
1134,2,1,0,0,1,0,0,1,0,0,0
1135,2,1,0,0,0,0,0,0,0,0,1
1136,1,0,0,0,0,0,0,0,0,0,0
1137,2,0,0,0,1,0,0,0,0,0,0
1138,2,0,0,0,1,0,0,0,0,0,0
1139,3,0,1,1,0,0,0,0,0,0,0
1140,2,0,0,0,1,0,0,1,0,0,0
1141,2,0,0,0,0,0,0,0,0,0,1
1142,0,0,0,0,0,1,0,0,0,0,0
1143,2,0,0,0,0,0,0,0,0,0,1
1144,3,0,1,1,0,0,0,0,0,1,0
1145,0,0,0,0,0,1,0,0,0,0,0
1146,1,0,0,0,0,0,0,0,0,0,1
1147,1,0,0,0,0,0,0,0,0,0,0
1148,3,0,0,1,0,0,0,1,1,0,0
1149,0,0,0,0,0,1,0,0,0,0,0
1150,1,0,0,0,0,0,0,0,0,0,0
1151,0,1,0,0,0,0,0,0,0,0,0
1152,2,0,0,0,0,0,0,0,0,0,0
1153,2,0,0,0,1,0,0,0,0,0,1
1154,2,0,0,0,1,0,0,0,0,0,0
1155,3,0,1,1,0,0,0,0,0,0,1
1156,0,1,0,0,0,0,0,0,0,0,0
1157,2,0,0,0,1,0,0,0,0,0,0
1158,0,1,0,0,0,0,0,0,0,0,0
1159,2,0,0,0,1,0,0,0,0,1,0
1160,0,1,0,0,0,0,0,0,0,0,0
1161,3,0,0,1,0,0,0,0,0,0,1
1162,1,0,0,0,0,0,0,0,0,0,0
1163,1,0,0,0,0,0,0,0,0,0,0
1164,2,0,0,0,1,0,0,0,0,0,0
1165,3,0,1,0,1,0,0,0,0,0,0
1166,2,0,0,0,1,0,0,0,0,0,0
1167,1,0,0,0,0,0,0,0,0,0,0
1168,2,0,0,0,1,0,0,1,0,0,0
1169,1,0,0,0,0,0,0,0,0,0,0
1170,1,0,0,0,0,0,0,0,0,0,0
1171,0,1,0,0,0,0,0,0,0,0,0
1172,2,0,0,0,0,0,0,0,0,1,1
1173,2,0,0,0,0,0,0,0,0,0,0
1174,2,0,0,0,0,0,0,0,0,0,0
1175,0,0,0,0,0,0,0,0,0,0,0
1176,1,0,0,0,0,0,0,0,0,0,0
1177,2,0,0,0,1,0,0,0,0,1,0
1178,0,1,0,0,0,0,0,0,0,0,0
1179,2,0,0,0,1,0,0,0,0,0,0
1180,0,0,0,0,0,1,0,0,0,0,0
1181,1,0,0,0,0,0,0,0,0,0,0
1182,0,1,0,0,0,0,0,0,0,0,0
1183,1,0,0,0,0,0,0,0,0,0,0
1184,1,0,0,0,0,0,0,1,0,0,0
1185,3,0,1,0,1,0,0,0,0,0,0
1186,0,1,0,0,0,0,0,0,0,0,0
1187,3,0,0,0,1,0,0,0,0,0,0
1188,2,0,0,0,1,0,0,0,0,0,0
1189,0,1,0,0,0,0,0,0,0,0,0
1190,3,0,0,1,0,0,0,1,1,0,0
1191,2,1,0,0,0,0,0,0,0,0,0
1192,1,1,0,0,0,0,0,1,0,0,0
1193,2,0,0,0,1,0,0,0,0,0,0
1194,0,1,0,0,0,0,0,0,0,0,0
1195,1,0,0,0,0,0,0,0,0,0,0
1196,0,1,0,0,0,0,0,0,0,0,0
1197,1,0,0,0,0,1,0,0,0,0,0
1198,3,0,0,0,1,0,0,0,0,0,0
1199,2,0,0,0,0,0,0,0,0,0,0
1200,3,0,0,1,0,0,0,0,0,0,1
1201,0,0,0,0,0,1,0,0,0,0,0
1202,0,1,0,0,0,0,0,0,0,0,0
1203,3,0,0,0,1,0,0,0,0,0,0
1204,2,0,0,0,0,0,0,0,0,0,0
1205,2,0,0,0,0,0,0,0,0,1,0
1206,2,0,0,0,0,0,0,0,0,1,0
1207,1,0,0,0,0,0,0,0,0,0,0
1208,1,0,0,0,0,0,0,0,0,0,0
1209,3,0,0,0,1,0,0,0,0,0,0
1210,1,0,0,0,0,0,0,0,0,0,0
1211,1,0,0,0,0,0,0,0,0,0,0
1212,2,0,0,1,0,0,0,0,0,0,0
1213,2,0,0,0,1,0,0,0,0,0,0
1214,1,0,0,0,0,0,0,0,0,0,0
1215,2,0,0,0,0,0,0,0,0,0,0
1216,2,0,0,1,0,0,0,0,0,0,0
1217,1,0,0,0,0,0,0,0,0,0,0
1218,2,0,0,0,1,0,0,0,0,0,1
1219,2,0,0,0,1,0,0,0,0,0,0
1220,0,0,0,0,0,1,0,0,0,0,0
1221,2,0,0,0,0,0,0,0,0,0,0
1222,2,0,0,1,0,0,0,0,0,0,0
1223,0,0,0,0,0,0,0,0,0,0,0
1224,2,1,0,0,0,0,0,0,0,0,0
1225,0,0,0,0,0,1,0,0,0,0,0
1226,3,0,1,1,0,0,0,1,0,0,0
1227,0,1,0,0,0,0,0,0,0,0,0
1228,0,0,0,0,0,0,0,0,0,0,0
1229,0,1,0,0,0,0,0,0,0,0,0
1230,3,0,0,0,1,0,0,0,0,0,0
1231,3,0,0,0,0,0,0,0,1,1,0
1232,2,0,0,0,1,0,0,0,0,0,0
1233,3,0,0,1,0,0,0,0,0,0,1
1234,1,0,0,0,0,0,0,0,0,0,0
1235,1,0,0,0,0,0,0,0,0,0,0
1236,2,0,0,0,1,0,0,0,0,0,0
1237,1,0,0,0,0,0,0,0,0,0,0
1238,0,0,0,0,0,1,0,0,0,0,0
1239,2,0,0,0,0,0,0,0,0,0,0
1240,0,0,0,0,0,1,0,0,0,0,0
1241,2,0,0,0,1,0,0,1,0,0,0
1242,2,0,0,0,1,0,0,0,0,0,0
1243,2,0,0,0,1,0,0,0,0,0,0
1244,1,1,0,0,0,0,0,0,0,0,1
1245,0,0,0,0,0,1,0,0,0,0,0
1246,1,0,0,0,0,0,0,0,0,0,0
1247,0,0,0,0,0,0,0,0,0,0,0
1248,2,0,0,0,0,0,0,1,0,1,0
1249,1,0,0,0,0,0,0,0,0,0,0
1250,2,0,0,0,1,0,0,0,0,0,0
1251,3,0,1,0,1,0,1,0,0,0,0
1252,1,0,0,0,0,0,0,0,0,0,0
1253,3,0,0,0,0,0,1,0,0,0,0
1254,2,0,0,0,0,0,0,0,0,0,1
1255,2,0,0,0,0,0,0,0,0,0,1
1256,0,0,0,0,0,1,0,0,0,0,0
1257,1,0,0,0,0,0,0,0,0,0,1
1258,0,1,0,0,0,0,0,0,0,0,0
1259,2,0,0,1,0,0,0,0,0,0,0
1260,1,0,0,0,0,0,0,0,0,0,0
1261,1,0,0,0,0,0,0,0,0,0,0
1262,2,0,0,0,1,0,0,0,0,0,1
1263,2,0,0,0,1,0,0,0,0,0,0
1264,2,0,0,0,0,0,0,0,0,0,0
1266,2,0,0,0,0,0,0,0,0,0,0
1267,2,0,0,0,0,0,0,0,0,0,0
1268,3,0,1,0,1,0,0,0,0,0,0
1269,0,1,0,0,0,0,0,0,0,0,0
1270,2,0,0,0,1,0,0,0,0,0,0
1271,1,0,0,0,0,0,0,0,0,0,1
1272,2,0,0,0,1,0,0,0,0,0,0
1273,0,0,0,0,0,1,0,0,0,0,0
1274,2,0,0,0,0,0,0,0,0,0,0
1275,1,0,0,0,0,0,0,0,0,1,0
1276,3,0,1,0,0,0,1,0,0,0,0
1277,1,0,0,0,0,0,0,0,0,0,0
1278,0,1,0,0,0,0,0,0,0,0,0
1279,2,0,0,0,1,0,0,1,0,0,0
1280,2,0,0,0,1,0,0,0,0,0,0
1281,1,0,0,0,0,0,0,0,0,0,0
1282,2,0,0,0,1,0,0,0,0,0,0
1283,2,0,0,0,1,0,0,0,0,0,0
1284,2,0,0,0,1,0,0,1,0,0,0
1285,2,0,0,0,0,0,0,0,0,0,1
1286,0,0,0,0,0,0,0,0,0,0,0
1287,1,0,0,0,0,0,0,0,0,0,0
1288,0,1,0,0,0,0,0,0,0,0,0
1289,2,0,0,0,0,0,0,0,0,1,0
1290,0,1,0,0,0,0,0,0,0,0,0
1291,1,0,0,0,0,0,0,0,0,0,0
1292,1,0,0,0,0,0,0,0,0,0,0
1293,0,0,0,0,0,0,0,0,0,0,0
1294,2,0,0,0,0,0,0,0,0,0,1
1295,2,0,0,0,0,0,0,0,0,0,0
1296,1,0,0,0,0,0,0,0,0,0,0
1297,1,0,0,0,0,0,0,1,0,0,0
1298,0,1,0,0,0,0,0,0,0,0,0
1299,2,0,0,0,0,0,0,0,0,0,0
1300,2,0,0,0,1,0,0,0,0,0,0
1301,2,0,0,0,1,0,0,0,0,0,0
1302,3,0,0,0,1,0,0,0,0,1,0
1303,0,1,0,0,0,0,0,0,0,0,0
1304,3,0,0,1,0,0,0,0,0,0,1
1305,1,0,0,0,0,0,0,0,0,0,0
1306,3,0,1,0,1,0,0,0,0,1,1
1307,2,0,0,0,0,0,0,0,0,0,0
1308,0,1,0,0,0,0,0,0,0,0,0
1309,2,0,0,0,0,0,0,0,0,0,0
1310,0,1,0,0,0,0,0,0,0,0,0
1311,0,1,0,0,0,0,0,0,0,0,0
1312,1,0,0,0,0,0,0,0,0,0,0
1313,2,0,0,0,0,0,0,0,0,0,0
1314,0,1,0,0,0,0,0,0,0,0,0
1315,3,0,0,1,0,0,0,1,0,0,0
1316,0,1,0,0,0,0,0,0,0,0,0
1317,2,0,0,0,1,0,0,0,0,0,0
1318,0,0,0,0,0,1,0,0,0,0,0
1319,0,0,0,0,0,1,0,0,0,0,0
1320,1,0,0,0,0,0,0,0,0,0,0
1321,2,0,0,0,0,0,1,0,0,0,1
1322,2,0,0,0,0,0,0,0,0,0,0
1323,3,0,1,0,0,0,1,0,0,0,0
1324,0,0,0,0,0,0,0,0,0,0,0
1325,1,0,0,0,0,0,0,0,0,0,0
1326,2,0,0,0,1,0,0,0,0,0,0
1327,2,0,0,0,0,0,0,0,0,0,0
1328,2,0,0,0,0,0,0,0,0,0,0
1329,1,0,0,0,0,0,0,0,0,0,0
1330,0,1,0,0,0,0,0,0,0,0,0
1331,3,0,1,0,1,0,0,0,0,0,0
1332,2,0,0,0,1,0,0,0,0,0,0
1333,0,1,0,0,0,0,0,0,0,0,0
1334,2,0,0,0,0,0,0,0,0,0,0
1335,2,0,0,0,1,0,0,0,0,0,0
1336,3,0,1,0,1,0,1,0,0,1,1
1337,3,0,0,1,0,0,1,0,0,0,1
1338,3,0,0,0,0,0,1,0,0,0,0
1339,0,1,0,0,0,0,0,0,0,0,0
1340,0,1,0,0,0,0,0,0,0,0,0
1341,2,0,0,1,0,0,0,0,0,0,0
1342,3,0,1,0,1,0,0,0,0,1,1
1343,2,1,0,0,1,0,0,0,0,0,0
1344,2,0,0,0,0,0,0,0,0,0,0
1345,2,0,0,0,0,0,1,0,0,1,0
1346,2,0,0,0,0,0,0,0,0,0,0
1347,3,0,1,1,0,0,0,0,0,0,0
1348,0,1,0,0,0,0,0,0,0,0,0
1349,0,0,0,0,0,0,0,0,0,0,0
1350,0,1,0,0,0,0,0,0,0,0,0
1351,1,0,0,0,0,0,0,1,0,0,0
1352,1,0,0,0,0,0,0,0,0,0,0
1353,2,0,0,0,0,0,0,0,0,0,0
1354,2,0,0,0,0,0,0,0,0,0,0
1355,2,0,0,0,1,0,0,1,0,0,0
1356,2,0,0,0,0,0,0,0,0,0,0
1357,0,1,0,0,0,0,0,0,0,0,0
1358,2,0,0,0,1,0,0,0,0,0,0
1359,0,1,0,0,0,0,0,0,0,0,0
1360,1,0,0,0,0,0,0,1,0,0,0
1361,3,0,1,0,0,0,1,0,0,0,0
1362,0,1,0,0,0,0,0,0,0,0,0
1363,3,0,0,1,0,0,0,0,0,1,0
1364,2,0,0,0,1,0,0,0,0,0,0
1365,1,0,0,0,0,0,0,0,0,0,0
1366,2,0,0,0,0,0,0,0,0,0,0
1367,2,0,0,0,0,0,0,0,0,0,0
1368,3,0,0,1,0,0,0,0,0,0,0
1369,0,1,0,0,0,0,0,0,0,0,0
1370,2,0,0,0,1,0,0,0,0,0,0
1371,0,1,0,0,0,0,0,0,0,0,0
1372,2,0,1,0,0,0,0,0,0,0,0
1373,1,0,0,0,0,0,0,0,0,0,0
1374,2,0,0,0,1,0,0,0,0,0,0
1375,2,0,0,0,0,0,0,0,0,0,0
1376,1,0,0,0,0,0,0,0,0,0,0
1377,1,0,0,0,0,0,0,0,0,0,0
1378,2,0,0,0,1,0,0,1,0,0,0
1379,1,0,0,0,0,0,0,0,0,0,0
1380,3,0,1,0,0,0,0,0,0,0,0
1381,2,0,0,0,1,0,0,1,0,1,0
1382,3,0,0,0,0,0,0,0,1,0,1
1383,0,0,0,0,0,1,0,0,0,0,0
1384,0,1,0,0,0,0,0,0,0,0,0
1385,2,0,0,0,1,0,0,1,0,0,0
1386,2,0,0,0,1,0,0,0,0,0,0
1387,3,1,1,0,1,0,0,0,0,0,0
1388,1,0,0,0,0,0,0,0,0,0,0
1389,2,0,0,0,1,0,0,0,0,0,0
1390,0,1,0,0,0,0,0,0,0,0,0
1391,3,0,0,0,0,0,1,0,0,0,0
1392,2,0,0,0,0,0,0,0,0,0,0
1393,0,1,0,0,0,0,0,0,0,0,0
1394,0,1,0,0,0,0,0,0,0,0,0
1395,2,0,0,0,0,0,1,0,0,0,0
1396,0,0,0,0,0,1,0,0,0,0,0
1397,3,0,0,1,0,0,0,0,0,0,1
1398,3,0,1,0,1,0,0,0,0,0,0
1399,2,0,0,0,1,0,0,0,0,0,0
1400,0,1,0,0,0,0,0,0,0,0,0
1401,3,0,1,0,1,0,0,1,0,0,0
1402,1,0,0,0,0,0,0,0,0,0,0
1403,3,0,1,0,0,0,1,0,0,0,0
1404,1,0,0,0,0,0,0,0,0,0,0
1405,0,0,0,0,0,1,0,0,0,0,0
1406,1,0,0,0,0,0,0,0,0,0,0
1407,3,0,1,1,0,0,1,0,0,0,0
1408,2,0,0,0,1,0,1,0,0,0,1
1409,0,0,0,0,0,1,0,0,0,0,0
1410,1,0,0,0,0,0,0,1,0,0,0
1411,2,0,0,0,1,0,0,0,0,0,0
1412,1,0,0,0,0,0,0,0,0,0,0
1413,1,0,0,0,0,0,0,0,0,0,0
1414,2,0,0,0,0,0,0,0,0,0,1
1415,3,0,1,1,0,0,1,1,0,0,0
1416,2,0,0,0,0,0,0,0,0,0,0
1417,1,0,0,0,0,1,0,0,0,0,1
1418,2,0,0,0,1,0,0,0,0,0,0
1419,0,0,0,0,0,1,0,0,0,0,0
1420,2,1,0,0,1,0,0,0,0,0,0
1421,1,0,0,0,0,0,0,0,0,0,0
1422,2,0,0,0,1,0,0,0,0,0,0
1423,3,0,0,0,1,0,0,0,0,0,1
1424,3,0,1,0,1,0,1,0,0,0,1
1425,3,0,1,1,0,0,1,0,0,0,1
1426,3,0,0,1,0,0,0,0,0,0,0
1427,2,0,0,0,0,0,0,0,0,0,0
1428,0,1,0,0,0,0,0,0,0,0,0
1429,3,0,1,0,1,0,0,0,0,0,0
1430,2,0,0,0,1,0,0,0,0,0,0
1431,0,1,0,0,0,0,0,0,0,0,0
1432,1,0,0,0,0,0,0,0,0,0,0
1433,2,0,0,0,0,0,0,0,0,0,0
1434,1,0,0,0,0,0,0,0,0,0,0
1435,0,1,0,0,0,0,0,0,0,0,0
1436,2,0,0,0,1,0,0,0,0,0,0
1437,1,0,0,0,0,0,0,0,0,0,0
1438,1,0,0,0,0,0,0,0,0,0,0
1439,0,1,0,0,0,0,0,0,0,0,0
1440,1,0,0,0,0,0,0,0,0,0,0
1441,0,1,0,0,0,0,0,0,0,0,0
1442,2,0,0,0,0,0,0,0,0,1,0
1443,2,0,0,0,1,0,0,0,0,0,0
1444,3,0,0,0,0,0,0,0,1,0,1
1445,1,1,0,0,0,0,0,0,0,0,1
1446,3,0,1,1,0,0,0,0,0,0,0
1447,1,0,0,0,0,0,0,0,0,0,0
1448,3,0,1,1,0,0,0,1,0,0,0
1449,0,0,0,0,0,1,0,0,0,0,0
1450,1,0,0,0,0,0,0,0,0,0,0
1451,3,0,1,0,1,0,1,0,0,0,0
1452,3,0,1,0,1,0,0,0,0,0,0
1453,2,0,0,0,0,0,0,0,0,0,1
1454,2,0,0,0,1,0,0,1,0,0,0
1455,3,0,1,0,1,0,0,0,0,0,0
1456,3,0,1,0,1,0,0,0,0,1,0
1457,3,0,1,0,1,0,0,0,0,1,0
1458,2,0,0,0,0,0,0,0,0,1,0
1459,0,1,0,0,0,0,0,0,0,0,0
1460,2,0,0,0,1,0,0,0,0,0,0
1461,2,0,0,0,0,0,0,0,0,0,1
1462,2,0,0,0,1,0,0,0,0,0,1
1463,3,0,0,1,0,0,1,0,1,0,1
1464,0,1,0,0,0,0,0,0,0,0,0
1465,2,0,0,0,0,0,0,0,0,0,0
1466,1,0,0,0,0,0,0,0,0,0,0
1467,2,0,0,0,0,0,0,0,0,0,0
1468,2,0,0,0,1,0,0,0,0,0,0
1469,2,0,0,0,0,0,1,0,0,0,0
1470,1,0,0,0,0,0,0,0,0,0,0
1471,0,1,0,0,0,0,0,0,0,0,0
1472,2,0,0,0,0,0,0,0,0,0,1
1473,2,0,0,0,0,0,0,0,0,0,0
1474,2,0,0,0,0,0,0,1,0,0,0
1475,1,0,0,0,0,0,0,0,0,0,0
1476,0,0,0,0,0,0,0,0,0,0,0
1477,2,0,0,0,1,0,1,0,0,0,0
1478,0,1,0,0,0,0,0,0,0,0,0
1479,3,0,1,0,0,0,0,0,0,0,0
1480,0,0,0,0,0,0,0,0,0,0,0
1481,1,0,0,0,0,0,0,0,0,0,0
1482,2,0,0,0,1,0,0,0,0,0,0
1483,2,0,0,0,1,0,0,0,0,0,0
1484,1,0,0,0,0,0,0,0,0,0,0
1485,2,0,0,0,1,0,0,0,0,0,0
1486,0,1,0,0,0,0,0,0,0,0,0
1487,2,0,0,0,0,0,0,0,0,0,0
1488,1,0,0,0,0,0,0,0,0,0,0
1489,2,0,0,0,0,0,0,0,0,0,0
1490,1,0,0,0,0,0,0,0,0,0,0
1491,2,0,0,1,0,0,1,0,0,0,0
1492,2,0,0,0,1,0,0,1,0,0,0
1493,1,0,0,0,0,0,0,0,0,0,0
1494,2,0,0,0,1,0,0,0,0,0,0
1495,0,1,0,0,0,0,0,0,0,0,0
1496,0,1,0,0,0,0,0,0,0,0,0
1497,2,0,0,0,1,0,0,0,0,0,0
1498,0,1,0,0,0,0,0,0,0,0,0
1499,0,0,0,0,0,1,0,0,0,0,0
1500,1,0,0,0,0,0,0,0,0,0,0
1501,2,0,0,0,1,0,0,0,0,1,1
1502,2,0,0,0,1,0,0,0,0,0,0
1503,3,0,1,0,1,0,0,0,0,0,0
1504,2,0,0,0,0,0,0,0,0,0,0
1505,0,1,0,0,0,0,0,0,0,0,0
1506,2,0,0,0,1,0,0,0,0,0,0
1508,0,1,0,0,0,0,0,0,0,0,0
1509,3,0,0,1,0,0,0,0,0,0,0
1510,1,0,0,0,0,0,0,0,0,0,0
1511,2,0,0,0,0,0,1,0,0,0,0
1512,2,0,0,0,1,0,0,0,0,0,0
1513,3,0,1,0,1,0,0,0,0,0,0
1514,3,0,1,1,0,0,0,0,0,0,0
1515,1,0,0,0,0,0,0,0,0,0,0
1516,3,0,0,1,0,0,1,0,0,0,1
1517,2,0,0,0,0,0,0,0,0,0,1
1518,1,0,0,0,0,0,0,0,0,0,0
1519,1,0,0,0,0,1,0,0,0,0,0
1520,3,0,0,0,0,0,0,0,1,0,0
1521,2,0,0,0,1,0,0,0,0,0,0
1522,2,0,0,0,1,0,0,0,0,0,0
1523,1,0,0,0,0,0,0,0,0,0,1
1524,1,0,0,0,0,0,0,0,0,0,0
1525,0,1,0,0,0,0,0,0,0,0,0
1526,0,1,0,0,0,0,0,0,0,0,0
1527,3,0,0,0,0,0,0,0,0,0,0
1528,0,0,0,0,0,1,0,0,0,0,0
1529,0,1,0,0,0,0,0,0,0,0,0
1530,2,0,0,0,0,0,0,0,0,0,0
1531,3,0,1,1,0,0,1,1,0,1,0
1532,2,0,0,0,0,0,0,0,0,0,0
1533,2,0,0,0,1,0,0,0,0,0,1
1534,3,0,0,1,0,0,0,0,0,0,0
1535,3,0,0,1,0,0,0,1,1,0,0
1536,2,0,0,0,0,0,0,0,0,0,0
1537,2,0,0,0,0,0,0,0,0,0,0
1538,1,0,0,0,0,0,0,0,0,0,0
1539,3,0,0,0,0,0,1,0,0,0,0
1540,2,0,0,1,0,0,0,0,0,0,0
1541,2,0,0,0,1,0,0,0,0,0,0
1542,1,0,0,0,0,0,0,0,0,0,0
1543,0,0,0,0,0,0,0,0,0,0,0
1544,2,0,0,0,1,0,0,0,0,0,0
1545,3,0,0,1,0,0,0,0,0,0,1
1546,0,1,0,0,0,0,0,0,0,0,0
1547,1,0,0,0,0,0,0,1,0,0,0
1548,2,0,0,0,1,0,0,0,0,0,0
1549,0,1,0,0,0,0,0,0,0,0,0
1550,2,0,0,0,0,0,0,0,0,0,0
1551,3,0,1,1,0,0,0,0,0,0,0
1552,3,0,0,0,1,0,0,0,0,0,0
1553,2,0,0,0,1,0,0,0,0,0,0
1554,2,0,0,0,0,0,0,0,0,0,0
1555,2,0,0,0,1,0,0,1,0,0,0
1556,3,0,1,1,0,0,0,0,0,0,0
1557,0,1,0,0,0,0,0,0,0,0,0
1558,0,1,0,0,0,0,0,0,0,0,0
1559,0,0,0,0,0,1,0,0,0,0,0
1560,1,0,0,0,0,0,0,0,0,0,0
1561,1,0,0,0,0,0,0,0,0,0,0
1562,2,0,0,0,1,0,0,0,0,0,0
1563,0,1,0,0,0,0,0,0,0,0,0
1564,0,1,0,0,0,0,0,0,0,0,0
1565,2,0,0,0,1,0,0,0,0,0,0
1566,1,0,0,0,0,0,0,0,0,0,0
1567,3,0,0,0,1,0,1,0,0,1,0
1568,1,0,0,0,0,0,0,1,0,0,0
1569,0,1,0,0,0,0,0,0,0,0,0
1570,2,0,0,0,1,0,0,0,0,0,0
1571,1,0,0,0,0,0,0,1,0,0,0
1572,0,1,0,0,0,0,0,0,0,0,0
1573,3,0,1,0,0,0,1,0,0,0,0
1574,0,1,0,0,0,0,0,0,0,0,0
1575,2,0,0,0,0,0,0,0,0,0,0
1576,2,0,0,0,0,0,1,0,0,0,1
1577,2,0,0,0,0,0,0,0,0,0,0
1578,3,0,0,0,1,0,0,0,0,0,1
1579,3,0,1,1,0,0,1,1,0,0,0
1580,1,0,0,0,0,0,0,0,0,0,0
1581,3,0,0,1,0,0,1,0,0,0,1
1582,2,0,0,0,0,0,0,0,0,0,0
1583,0,0,0,0,0,1,0,0,0,0,0
1584,0,1,0,0,0,0,0,0,0,0,0
1585,0,0,0,0,0,1,0,0,0,0,0
1586,1,0,0,0,0,0,0,0,0,0,0
1587,1,0,0,0,0,0,0,0,0,0,1
1588,2,0,0,1,0,0,0,0,0,0,0
1589,2,0,0,0,0,0,0,0,0,0,0
1590,0,1,0,0,0,0,0,0,0,0,0
1591,2,0,0,0,1,0,0,0,0,0,0
1592,2,0,0,1,0,0,0,1,0,0,0
1593,1,0,0,0,0,0,0,0,0,0,0
1594,1,0,0,0,0,0,0,0,0,0,0
1595,3,0,1,0,1,0,0,0,0,1,0
1596,1,0,0,0,0,0,0,0,0,0,0
1597,1,0,0,0,0,0,0,0,0,0,0
1598,0,1,0,0,0,0,0,0,0,0,0
1599,3,0,1,0,1,0,0,0,1,0,0
1600,0,0,0,0,0,0,0,0,0,0,0
1601,1,0,0,0,0,0,0,0,0,0,0
1602,1,0,0,0,0,0,0,0,0,0,0
1603,0,1,0,0,0,0,0,0,0,0,0
1604,0,1,0,0,0,0,0,0,0,0,0
1605,1,0,0,0,0,0,0,0,0,0,0
1606,0,0,0,0,0,1,0,0,0,0,0
1607,0,1,0,0,0,0,0,0,0,0,0
1608,3,0,1,0,1,0,0,0,0,1,1
1609,0,0,0,0,0,0,0,0,0,0,0
1610,0,0,0,0,0,0,0,0,0,0,0
1611,2,0,0,0,1,0,0,0,0,0,1
1612,2,0,0,0,1,0,0,1,0,0,0
1613,2,0,0,0,1,0,1,0,0,1,0
1614,0,1,0,0,0,0,0,0,0,0,0
1615,1,0,0,0,0,0,0,0,0,0,0
1616,2,0,0,0,1,0,0,1,0,0,0
1617,1,0,0,0,0,0,0,0,0,0,0
1618,3,0,1,0,1,0,0,0,0,0,0
1619,1,0,0,0,0,0,0,0,0,0,0
1620,1,0,0,0,0,0,0,0,0,0,0
1621,2,0,0,0,1,0,0,1,0,0,0
1622,2,0,0,0,1,0,0,0,0,0,0
1623,1,0,0,0,0,0,0,0,0,0,0
1624,2,0,0,0,0,0,0,0,0,1,0
1625,2,0,0,0,1,0,0,0,0,0,1
1626,0,0,0,0,0,1,0,0,0,0,0
1627,0,1,0,0,0,0,0,0,0,0,0
1628,1,0,0,0,0,0,0,0,0,0,0
1629,2,0,0,0,0,0,0,1,0,0,1
1630,0,1,0,0,0,0,0,0,0,0,0
1631,2,0,0,0,0,0,0,0,0,0,1
1632,2,0,0,0,0,0,0,0,0,0,0
1633,0,1,0,0,0,0,0,0,0,0,0
1634,2,0,0,0,1,0,0,0,0,0,0
1635,2,0,0,0,1,0,0,1,0,0,0
1636,0,0,0,0,0,1,0,0,0,0,0
1637,2,0,0,0,0,0,0,0,0,0,0
1638,0,0,0,0,0,1,0,0,0,0,0
1639,2,0,0,0,0,0,0,0,0,0,0
1640,2,0,0,0,1,0,0,0,0,0,0
1641,3,0,1,0,1,0,0,0,0,0,0
1642,3,0,0,1,0,0,1,0,0,0,1
1643,2,0,0,0,1,0,0,0,0,0,0
1644,3,0,0,0,1,0,0,0,0,0,0
1645,0,1,0,0,0,0,0,0,0,0,0
1646,0,1,0,0,0,0,0,0,0,0,0
1647,2,0,0,0,0,0,0,0,0,1,0
1648,3,0,1,1,0,0,0,0,0,0,0
1649,1,0,0,0,0,0,0,0,0,0,0
1650,1,0,0,0,0,0,0,0,0,0,0
1651,2,0,0,0,1,0,0,0,0,0,0
1652,2,0,0,0,0,0,0,1,0,0,0
1653,0,0,0,0,0,0,0,0,0,0,0
1654,1,0,0,0,0,0,0,0,0,0,0
1655,0,0,0,0,0,1,0,0,0,0,0
1656,2,0,0,0,0,0,0,0,0,0,1
1657,2,0,0,0,1,0,0,0,0,0,0
1658,1,0,0,0,0,0,0,0,0,0,0
1659,0,0,0,0,0,1,0,0,0,0,0
1660,2,0,0,1,0,0,0,0,0,0,0
1661,0,1,0,0,0,0,0,0,0,0,0
1662,2,0,0,0,0,0,0,0,0,0,0
1663,3,0,0,1,0,0,0,1,0,0,0
1664,0,0,0,0,0,1,0,0,0,0,0
1665,1,0,0,0,0,0,0,0,0,0,1
1666,3,0,0,1,0,0,0,0,0,0,0
1667,2,0,0,0,0,0,0,0,0,0,0
1668,2,0,0,0,1,0,0,0,0,0,0
1669,0,1,0,0,0,0,0,0,0,0,0
1670,1,1,0,0,0,0,0,1,0,0,0
1671,3,0,1,0,1,0,0,0,0,0,0
1672,3,0,1,0,1,0,0,0,0,1,1
1673,3,0,1,1,0,0,0,1,0,0,0
1674,2,0,0,0,1,0,1,1,0,0,0
1675,2,0,0,0,0,0,0,0,0,0,1
1676,2,0,0,0,0,0,0,0,0,1,0
1677,0,1,0,0,0,0,0,0,0,0,0
1678,2,0,0,0,0,0,1,0,0,0,0
1679,0,1,0,0,0,0,0,0,0,0,0
1680,2,0,0,0,0,0,0,0,0,0,0
1681,1,0,0,0,0,0,0,0,0,0,0
1682,3,0,1,1,0,0,0,0,0,0,0
1683,2,1,0,0,0,0,0,0,0,0,1
1684,1,0,0,0,0,0,0,0,0,0,1
1685,0,1,0,0,0,0,0,0,0,0,0
1686,2,1,0,0,1,0,0,0,0,0,0
1687,1,0,0,0,0,0,0,0,0,0,0
1688,2,0,0,0,0,0,0,0,0,1,1
1689,0,1,0,0,0,0,0,0,0,0,0
1690,3,0,1,0,1,0,0,0,0,0,0
1691,2,0,0,1,0,0,0,0,0,0,0
1692,2,0,0,0,0,0,0,0,0,0,0
1693,2,0,0,0,0,0,0,0,0,0,1
1694,1,0,0,0,0,0,0,0,0,0,0
1695,1,0,0,0,0,0,0,0,0,0,0
1696,1,0,0,0,0,0,0,0,0,0,0
1697,1,0,0,0,0,0,0,0,0,0,0
1698,1,0,0,0,0,0,0,0,0,0,0
1699,3,0,0,1,0,0,0,1,1,0,0
1700,1,0,0,0,0,0,0,0,0,0,0
1701,1,0,0,0,0,0,0,0,0,0,0
1702,0,0,0,0,0,1,0,0,0,0,0
1703,2,0,0,0,1,0,0,1,0,0,0
1704,2,1,0,0,1,0,0,0,0,0,0
1705,3,0,1,1,0,0,1,0,0,0,0
1706,3,0,0,1,0,0,0,1,1,0,0
1707,1,0,0,0,0,0,0,0,0,0,0
1708,3,0,0,1,0,0,0,1,1,0,0
1709,2,0,0,0,1,0,0,0,0,0,0
1710,2,0,0,0,1,0,0,0,0,0,0
1711,1,0,0,0,0,0,0,0,1,0,0
1712,0,1,0,0,0,0,0,0,0,0,0
1713,0,1,0,0,0,0,0,0,0,0,0
1714,0,0,0,0,0,1,0,0,0,0,0
1715,1,0,0,0,0,0,0,0,0,0,0
1716,2,0,0,0,0,0,0,0,0,0,0
1717,1,0,0,0,0,0,0,0,0,0,0
1718,2,0,0,0,0,0,0,0,0,1,0
1719,1,0,0,0,0,0,0,0,0,0,0
1720,2,0,0,1,0,0,1,0,0,0,0
1721,1,1,0,0,0,0,0,0,0,0,1
1722,0,1,0,0,0,0,0,0,0,0,0
1723,1,0,0,0,0,0,0,0,0,0,0
1724,0,1,0,0,0,0,0,0,0,0,0
1725,2,0,0,0,1,0,0,0,0,0,0
1726,2,0,0,0,0,0,0,0,0,0,0
1727,0,1,0,0,0,0,0,0,0,0,0
1728,3,0,1,0,1,0,0,0,0,1,0
1729,0,0,0,0,0,0,0,0,0,0,0
1730,0,0,0,0,0,0,0,0,0,0,0
1731,3,0,0,0,1,0,0,1,0,0,1
1732,1,0,0,0,0,0,0,0,0,0,0
1733,3,0,0,1,0,0,0,0,0,0,0
1734,3,0,0,1,0,0,0,0,0,0,0
1735,0,0,0,0,0,0,0,0,0,0,0
1736,2,1,0,0,1,0,0,0,0,0,0
1737,0,1,0,0,0,0,0,0,0,0,0
1738,1,0,0,0,0,0,0,0,0,0,0
1739,3,0,1,0,1,0,0,0,0,1,0
1740,1,0,0,0,0,0,0,0,0,0,0
1741,1,0,0,0,0,0,0,0,0,0,0
1742,2,0,0,0,1,0,0,0,0,0,0
1743,2,0,1,0,1,0,1,0,0,0,0
1744,2,0,0,0,0,0,0,0,0,0,0
1745,1,0,0,0,0,0,0,0,0,0,0
1746,2,0,0,0,0,0,0,0,0,1,0
1747,1,0,0,0,0,0,0,0,0,0,0
1748,2,0,0,0,1,0,0,0,0,0,0
1749,2,0,0,0,1,0,0,0,0,0,0
1750,0,0,0,0,0,1,0,0,0,0,0
1751,0,0,0,0,0,0,0,0,0,0,0
1752,2,0,0,0,1,0,0,0,0,0,0
1753,0,1,0,0,0,0,0,0,0,0,0
1754,1,0,0,0,0,0,0,0,0,0,0
1755,2,0,0,0,0,0,0,0,0,0,0
1756,3,0,0,1,0,0,0,0,0,0,0
1757,1,0,0,0,0,0,0,1,0,0,0
1758,0,0,0,0,0,1,0,0,0,0,0
1759,0,1,0,0,0,0,0,0,0,0,0
1760,0,1,0,0,0,0,0,0,0,0,0
1761,3,0,1,1,0,0,0,1,0,0,0
1762,2,0,0,0,0,0,0,0,0,0,1
1763,3,0,0,0,1,0,0,0,0,0,1
1764,1,0,0,0,0,0,0,1,0,0,0
1765,2,0,0,0,0,0,0,0,0,0,0
1766,3,0,1,0,1,0,0,0,0,0,0
1767,2,0,0,0,0,0,0,0,0,1,0
1768,0,0,0,0,0,1,0,0,0,0,0
1769,0,1,0,0,0,0,0,0,0,0,0
1770,3,0,0,1,0,0,0,1,1,0,0
1771,0,1,0,0,0,0,0,0,0,0,0
1772,0,1,0,0,0,0,0,0,0,0,0
1773,2,0,0,1,0,0,0,0,0,0,0
1774,3,0,1,0,1,0,1,0,0,1,1
1775,2,0,0,0,1,0,0,0,0,0,0
1776,3,0,0,0,1,0,0,0,0,0,0
1777,0,0,0,0,0,1,0,0,0,0,0
1778,3,0,0,0,1,0,0,0,0,0,0
1779,0,0,0,0,0,0,0,0,0,0,0
1780,0,1,0,0,0,0,0,0,0,0,0
1781,3,0,1,1,0,0,0,0,0,0,0
1782,1,0,0,0,0,0,0,1,0,0,0
1783,0,1,0,0,0,0,0,0,0,0,0
1784,3,0,1,0,1,0,0,0,0,1,0
1785,2,0,0,0,1,0,0,0,0,0,0
1786,2,0,0,0,0,0,0,0,0,1,0
1787,2,0,0,0,1,0,0,0,0,0,0
1788,2,0,0,1,0,0,0,1,0,1,0
1789,0,1,0,0,0,0,0,0,0,0,0
1790,1,0,0,0,0,0,0,0,0,0,0
1791,2,0,0,0,0,0,0,0,0,0,1
1792,2,1,0,0,0,0,0,0,0,0,1
1793,3,0,0,1,0,0,0,1,1,0,0
1794,3,0,1,1,0,0,1,0,0,0,1
1795,2,0,0,0,1,0,0,0,0,0,0
1796,0,1,0,0,0,0,0,0,0,0,0
1797,0,1,0,0,0,0,0,0,0,0,0
1798,0,1,0,0,0,0,0,0,0,0,0
1799,2,0,0,0,0,0,0,0,0,0,0
1800,3,0,0,1,0,0,1,1,1,0,0
1801,3,0,1,1,0,0,0,1,0,1,0
1802,0,0,0,0,0,1,0,0,0,0,0
1803,3,0,1,0,1,0,0,0,1,1,0
1804,2,0,0,0,1,0,0,0,0,0,0
1805,2,0,0,1,0,0,0,1,0,0,0
1806,0,1,0,0,0,0,0,0,0,0,0
1807,1,0,0,0,0,0,0,0,0,0,0
1808,2,0,0,0,0,0,0,0,0,0,1
1809,1,0,0,0,0,0,0,0,0,0,0
1810,2,0,0,0,0,0,0,0,0,0,0
1811,1,0,0,0,0,1,0,0,0,0,1
1812,1,0,0,0,0,0,0,0,0,0,0
1813,1,0,0,0,0,0,0,0,0,0,0
1814,1,0,0,0,0,0,0,0,0,0,0
1815,0,1,0,0,0,0,0,0,0,0,0
1816,3,0,1,0,1,0,0,0,0,0,0
1817,1,0,0,0,0,0,0,0,0,0,0
1818,2,0,0,0,1,0,0,0,0,0,0
1819,2,0,0,0,0,0,0,0,0,0,0
1820,1,0,0,0,0,0,0,0,0,0,0
1821,2,1,0,1,0,0,0,0,0,0,1
1822,0,1,0,0,0,0,0,0,0,0,0
1823,2,0,0,0,0,0,0,0,0,0,0
1824,3,0,0,0,1,0,0,0,0,0,0
1825,0,1,0,0,0,0,0,0,0,0,0
1826,1,0,0,0,0,0,0,0,0,0,0
1827,2,0,0,0,0,0,0,0,0,0,0
1828,0,0,0,0,0,1,0,0,0,0,0
1829,0,0,0,0,0,1,0,0,0,0,0
1830,2,0,0,0,1,0,0,0,0,0,0
1831,2,0,0,0,1,0,0,0,0,0,1
1832,2,0,0,0,1,0,0,0,0,0,0
1833,3,0,1,1,0,0,0,0,0,0,0
1834,3,0,1,0,1,0,0,0,0,0,0
1835,1,0,0,0,0,0,0,0,0,0,0
1836,2,0,0,0,1,0,1,1,0,0,0
1837,1,0,0,0,0,0,0,0,0,0,0
1838,0,1,0,0,0,0,0,0,0,0,0
1839,0,1,0,0,0,0,0,0,0,0,0
1840,1,0,0,0,0,0,0,0,0,0,0
1841,3,0,1,1,0,0,0,0,0,0,0
1842,3,0,1,0,1,0,0,0,0,0,0
1843,0,1,0,0,0,0,0,0,0,0,0
1844,2,0,0,0,0,0,0,0,0,0,0
1845,2,0,0,0,0,0,0,0,0,0,0
1846,2,0,0,1,0,0,0,0,0,0,0
1847,0,1,0,0,0,0,0,0,0,0,0
1848,1,0,0,0,0,0,0,0,0,0,0
1849,3,0,0,1,0,0,0,0,0,0,0
1850,2,0,0,0,1,0,0,0,0,0,0
1851,2,0,0,0,1,0,0,0,0,0,0
1852,0,0,0,0,0,0,0,0,0,0,0
1853,2,0,0,0,1,0,0,1,0,0,0
1854,0,1,0,0,0,0,0,0,0,0,0
1855,0,1,0,0,0,0,0,0,0,0,0
1856,3,0,0,1,0,0,0,1,0,0,0
1857,0,1,0,0,0,0,0,0,0,0,0
1858,2,0,0,0,0,0,0,1,0,0,0
1859,0,0,0,0,0,1,0,0,0,0,0
1860,2,0,0,0,1,0,0,0,0,0,0
1861,2,0,0,0,0,0,0,0,0,0,0
1862,3,0,0,1,0,0,0,1,1,0,0
1863,1,0,0,0,0,0,0,0,0,0,0
1864,1,0,0,0,0,0,0,0,0,0,0
1865,1,0,0,0,0,0,0,0,0,0,0
1866,2,0,0,0,1,0,0,0,0,0,1
1867,0,1,0,0,0,0,0,0,0,0,0
1868,2,0,0,0,1,0,0,0,0,0,0
1869,1,0,0,0,0,0,0,0,0,0,0
1870,2,0,0,0,0,0,0,0,0,0,0
1871,3,0,1,0,1,0,0,0,0,1,0
1872,2,1,0,0,1,0,0,0,0,0,0
1873,0,0,0,0,0,1,0,0,0,0,0
1874,1,0,0,0,0,0,0,0,0,0,0
1875,2,1,0,0,1,0,0,0,0,0,0
1876,3,0,1,1,0,0,0,0,0,0,1
1877,0,1,0,0,0,0,0,0,0,0,0
1878,3,0,0,0,1,0,0,0,0,0,0
1879,2,0,0,0,1,0,0,0,0,0,0
1880,0,0,0,0,0,0,0,0,0,0,0
1881,3,0,1,0,0,0,1,0,0,0,0
1882,1,0,0,0,0,0,0,0,0,0,0
1883,3,0,1,0,1,0,0,1,1,0,0
1884,2,0,0,0,1,0,0,0,0,0,0
1885,3,0,1,0,1,0,1,0,0,0,0
1886,2,0,0,0,1,0,0,0,0,0,0
1887,2,0,0,0,0,0,0,0,0,0,0
1888,0,1,0,0,0,0,0,0,0,0,0
1889,1,0,0,0,0,0,0,1,0,0,0
1890,3,0,1,0,0,0,1,0,0,0,0
1891,2,0,0,0,0,0,0,0,0,0,1
1892,0,1,0,0,0,0,0,0,0,0,0
1893,2,0,0,0,1,0,0,0,0,0,0
1894,0,1,0,0,0,0,0,0,0,0,0
