,mild_cartoon_violence,mild_fantasy_violence,mild_language,mild_lyrics,mild_violence,no_descriptors,nudity,partial_nudity,sexual_content,sexual_themes,simulated_gambling,strong_language,suggestive_themes,use_of_alcohol,use_of_drugs_and_alcohol,esrb_rating
0,0,0,0,0,0,1,0,0,0,0,0,0,0,0,0,0
1,0,0,0,0,0,0,0,0,0,0,0,0,0,0,0,1
2,0,0,0,0,0,0,0,0,0,0,0,1,1,0,0,3
3,0,0,0,0,0,0,0,0,0,0,0,0,0,0,0,1
4,0,0,0,0,0,0,0,0,0,0,0,0,1,0,0,2
5,0,0,0,0,0,1,0,0,0,0,0,0,0,0,0,0
6,0,0,0,0,0,0,0,0,0,0,0,0,0,0,0,2
7,0,0,0,0,0,0,0,0,1,0,0,0,0,0,0,2
8,0,0,0,0,0,0,0,0,0,0,0,0,0,0,0,1
9,0,0,0,0,0,0,0,0,0,0,0,0,1,0,0,2
10,0,0,0,1,0,0,0,0,0,0,0,0,0,0,0,0
11,0,0,0,0,0,0,0,0,0,0,0,1,0,0,0,3
12,1,0,0,0,0,0,0,0,0,0,0,0,0,0,0,1
13,0,0,0,0,0,0,0,0,0,0,0,1,0,0,0,3
14,0,0,0,0,0,0,0,0,0,0,0,1,1,0,0,3
15,0,0,0,0,0,0,0,0,0,0,0,1,1,0,0,3
16,0,0,0,0,0,0,0,0,0,0,0,0,0,0,0,2
17,0,0,0,0,0,0,0,0,0,0,0,0,0,0,0,1
18,0,0,0,0,0,0,0,0,0,0,0,0,0,0,0,3
19,0,0,0,0,1,0,0,0,0,0,0,0,0,0,0,2
20,0,0,0,0,0,0,0,0,0,0,0,0,1,0,0,2
21,0,0,0,1,0,0,0,0,0,0,0,0,0,0,0,2
22,0,0,0,0,0,0,0,0,0,0,0,0,0,0,0,2
23,0,0,0,0,1,0,1,0,0,0,0,0,0,0,0,2
24,0,0,0,0,0,0,0,0,0,0,0,0,0,0,0,1
25,0,0,0,0,0,1,0,0,0,0,0,0,0,0,0,0
26,0,0,0,0,0,0,0,0,0,0,0,0,0,0,0,1
27,0,0,0,0,0,1,0,0,0,0,0,0,0,0,0,0
28,0,0,0,0,0,0,0,0,0,0,0,0,0,0,0,2
29,1,0,0,0,0,0,0,0,0,1,0,1,0,0,0,3
30,0,0,0,0,0,1,0,0,0,0,0,0,0,0,0,0
31,0,0,0,0,0,1,0,0,0,0,0,0,0,0,0,0
32,0,0,0,1,0,0,0,0,0,0,0,0,0,0,0,0
33,0,0,0,1,0,0,0,0,0,0,0,0,0,0,0,0
34,0,0,0,0,0,1,0,0,0,0,0,0,0,0,0,0
35,0,0,0,0,0,0,0,0,0,0,1,1,0,0,0,3
36,0,0,0,0,0,0,0,0,0,0,0,0,0,0,0,1
37,0,0,0,0,0,0,0,0,0,0,0,0,0,0,0,1
38,0,0,0,0,0,0,0,0,0,0,0,0,0,0,0,2
39,0,0,0,0,0,1,0,0,0,0,0,0,0,0,0,0
40,0,0,0,0,0,0,0,0,0,0,0,0,0,0,0,3
41,0,0,0,0,0,0,0,0,0,0,0,0,1,0,0,2
42,0,1,0,0,0,0,0,0,0,0,0,0,0,0,0,0
43,0,0,0,0,0,0,0,0,0,0,0,0,0,0,0,1
44,0,0,0,0,0,0,0,0,0,0,0,1,0,0,0,3
45,1,0,0,0,0,0,0,0,0,0,0,0,0,0,0,0
46,0,0,0,0,0,0,0,0,0,0,0,0,0,0,0,2
47,0,0,0,0,0,0,0,0,0,0,0,0,0,0,0,2
48,0,0,0,0,0,0,0,0,0,0,0,0,0,0,0,0
49,0,0,0,0,0,0,0,0,0,0,0,1,0,0,0,3
50,0,0,0,0,0,0,0,0,0,0,0,0,1,0,0,1
51,0,0,0,0,0,0,0,0,0,0,1,0,0,0,0,2
52,0,0,0,1,0,1,0,0,0,0,0,0,0,0,0,1
53,0,0,0,0,0,0,0,0,0,0,1,0,0,0,0,2
54,0,0,0,0,0,1,0,0,0,0,0,0,0,0,0,0
55,0,0,0,0,1,0,0,0,0,0,0,0,0,0,0,2
56,0,0,0,0,0,1,0,0,0,0,0,0,0,0,0,0
57,0,0,0,0,0,0,0,0,0,0,0,1,0,0,0,3
58,0,0,0,0,1,0,0,0,0,0,0,0,0,0,0,2
59,0,0,0,0,0,0,0,0,0,0,0,0,1,0,0,3
60,0,0,0,0,0,1,0,0,0,0,0,0,0,0,0,0
61,0,0,0,0,0,0,0,1,0,0,0,1,0,0,0,3
62,0,0,0,0,0,1,0,0,0,0,0,0,0,0,0,0
63,0,0,0,0,0,0,0,0,1,0,0,0,1,0,0,2
64,0,0,0,0,0,1,0,0,0,0,0,0,0,0,0,0
65,0,0,0,0,1,0,0,0,0,0,0,0,0,0,0,2
66,0,0,0,0,0,0,0,0,0,0,0,0,1,0,0,1
67,0,0,0,0,0,0,0,0,0,1,0,1,0,0,0,3
68,0,0,0,0,0,0,0,0,0,0,0,0,0,0,0,1
69,0,0,0,0,0,0,0,0,0,0,0,1,0,0,0,3
70,0,0,0,0,0,0,0,0,1,1,0,0,0,0,0,2
71,0,0,0,0,0,0,0,0,1,0,0,0,0,1,0,2
72,0,0,0,0,0,0,0,0,0,0,0,0,0,0,0,3
73,0,0,0,0,0,0,0,0,0,0,0,0,0,0,0,2
74,0,0,0,0,0,0,0,0,0,0,0,1,0,0,0,3
75,0,0,0,0,0,0,0,0,0,0,0,0,0,0,0,2
76,0,0,0,0,0,1,0,0,0,0,0,0,0,0,0,0
77,0,0,0,0,0,0,0,0,0,0,0,0,0,0,0,3
78,0,1,0,1,0,0,0,0,0,0,0,0,0,0,0,0
79,0,0,0,0,0,1,0,0,0,0,0,0,0,0,0,0
80,0,0,0,0,0,1,0,0,0,0,0,0,0,0,0,0
81,0,0,0,0,0,0,0,0,0,0,0,0,1,0,0,2
82,0,0,0,0,0,0,0,0,0,0,0,0,0,0,0,3
83,0,0,0,0,0,0,0,0,0,0,0,0,0,0,0,1
84,0,0,0,0,0,0,0,0,0,0,0,0,0,0,0,1
85,0,0,0,0,0,1,0,0,0,0,0,0,0,0,0,0
86,0,0,0,0,1,0,0,0,0,0,0,0,0,0,0,1
87,0,0,0,0,0,0,0,0,0,1,0,1,0,0,0,3
88,0,1,0,0,0,0,0,0,0,0,0,0,0,0,0,0
89,0,0,0,0,0,0,0,0,0,0,0,0,0,0,0,1
90,0,0,0,0,0,0,0,0,0,0,0,0,0,0,0,3
91,0,0,0,0,1,0,0,0,0,0,0,0,0,0,0,1
92,0,0,0,0,1,0,0,0,0,0,0,0,0,0,0,1
93,0,0,0,0,0,1,0,0,0,0,0,0,0,0,0,0
94,0,0,0,0,0,0,0,0,0,0,0,0,1,0,1,2
95,0,0,0,1,0,0,0,0,1,0,0,0,1,0,0,2
96,1,0,0,1,0,0,0,0,0,0,0,0,0,0,0,0
97,0,0,0,0,0,0,0,0,0,0,0,0,0,0,0,2
98,0,0,0,0,0,1,0,0,0,0,0,0,0,0,0,0
99,0,0,0,0,0,1,0,0,0,0,0,0,0,0,0,0
100,1,0,0,0,0,0,0,0,0,0,0,0,0,0,0,1
101,0,0,0,0,0,0,0,0,0,0,0,1,0,0,0,3
102,0,0,0,0,0,0,0,0,0,0,0,0,0,0,0,2
103,0,0,1,0,0,0,0,0,0,0,0,0,0,0,0,0
104,1,0,0,0,0,0,0,0,0,0,0,0,0,0,0,0
105,0,0,0,0,0,0,0,0,0,1,1,1,0,0,0,3
106,0,1,0,0,0,0,0,0,0,1,0,0,0,0,0,2
107,0,0,0,1,0,0,0,0,0,0,0,0,0,0,0,2
108,0,0,0,0,0,0,0,0,0,0,0,0,0,0,0,3
109,0,0,0,1,1,0,0,0,0,0,0,0,0,0,0,2
110,0,1,0,0,0,0,0,0,0,0,0,1,0,0,0,3
111,0,0,0,1,0,0,0,0,0,0,0,0,0,0,0,0
112,0,0,0,0,0,0,0,0,0,0,0,1,0,0,0,3
113,0,0,0,0,0,0,0,0,0,0,0,1,0,0,0,3
114,0,0,0,1,0,0,0,0,0,0,0,0,1,0,0,2
115,0,1,0,0,0,0,0,0,0,0,0,0,0,0,0,0
116,0,0,0,0,0,0,0,0,0,0,0,0,0,0,0,1
117,0,0,0,0,0,0,0,0,0,0,0,0,0,0,0,3
118,1,0,0,0,0,0,0,0,0,0,0,0,0,0,0,0
119,0,0,0,0,0,0,0,0,0,0,0,0,1,0,0,2
120,0,0,0,0,1,0,0,0,1,0,0,0,0,0,0,2
121,0,0,0,0,0,1,0,0,0,0,0,0,0,0,0,0
122,0,0,0,0,0,0,0,0,0,0,0,0,0,0,0,1
123,0,0,0,0,0,0,0,0,0,0,0,0,0,0,0,1
124,0,0,0,0,0,1,0,0,0,0,0,0,0,0,0,1
125,0,0,0,0,0,1,0,0,0,0,0,0,0,0,0,0
126,0,0,0,0,0,0,0,0,0,0,0,0,0,0,0,2
127,0,0,0,0,0,1,0,0,0,0,0,0,0,0,0,0
128,0,0,0,0,0,0,0,0,0,0,0,0,1,0,0,2
129,0,0,0,0,0,0,0,0,0,0,0,0,0,0,0,3
130,0,0,0,0,1,0,0,0,0,0,0,0,0,0,0,2
131,0,0,0,0,0,0,0,0,0,0,0,0,0,0,0,1
132,0,0,0,0,0,1,0,0,0,0,0,0,0,0,0,0
133,0,0,0,0,0,0,0,0,0,0,0,0,0,0,0,2
134,0,0,0,0,0,0,0,0,0,0,0,0,0,0,0,2
135,0,0,0,0,0,0,0,0,0,0,0,0,0,0,0,2
136,0,1,0,0,0,0,0,0,0,0,0,0,0,0,0,0
137,0,0,0,0,0,0,0,0,0,0,1,0,0,0,0,2
138,0,0,0,0,0,0,0,0,0,0,1,0,0,0,0,2
139,0,0,0,0,0,0,0,0,0,0,1,0,0,0,0,2
140,0,0,0,0,0,0,0,0,0,1,1,1,0,0,0,3
141,0,0,0,0,0,0,0,0,0,0,0,1,1,0,0,3
142,0,0,0,1,0,1,0,0,0,0,0,0,0,0,0,0
143,0,0,0,0,0,0,0,0,0,0,0,0,0,0,0,2
144,0,0,0,0,1,0,0,0,0,0,0,0,0,0,0,0
145,0,0,0,0,0,1,0,0,0,0,0,0,0,0,0,0
146,0,0,0,0,0,1,0,0,0,0,0,0,0,0,0,0
147,0,0,0,0,0,0,0,0,0,0,0,0,0,0,0,2
148,0,0,0,0,0,0,0,0,0,0,0,0,1,0,0,2
149,0,0,0,0,0,0,0,0,0,0,0,0,1,0,0,1
150,0,0,0,0,0,0,0,0,1,0,0,0,0,0,0,3
151,0,1,0,0,0,0,0,0,0,0,0,0,0,0,0,0
152,0,0,0,0,0,0,0,0,0,0,0,0,0,0,0,1
153,0,0,0,0,0,0,0,0,0,0,0,0,0,0,0,1
154,0,0,0,0,0,0,0,0,0,0,0,0,0,0,0,2
155,0,0,0,1,0,0,0,0,0,0,0,0,0,0,0,0
156,0,0,0,0,0,0,1,0,0,0,0,0,0,0,0,2
157,0,0,0,0,0,0,0,0,1,0,0,1,0,0,0,3
158,0,0,0,0,0,0,0,0,1,0,0,1,0,0,0,3
159,0,0,0,0,0,0,0,0,0,1,0,1,0,0,0,3
160,0,0,0,0,0,0,0,0,0,0,0,0,1,0,0,3
161,0,0,0,0,0,0,0,0,0,0,0,1,0,0,0,2
162,0,0,1,0,0,1,0,0,0,0,0,0,0,0,0,0
163,0,0,0,1,1,0,0,0,0,0,0,0,0,0,0,1
164,0,0,0,1,1,0,0,0,0,0,0,0,0,0,0,2
165,0,0,0,0,0,0,0,0,0,0,0,0,0,0,0,2
166,0,0,0,0,0,0,0,0,0,0,0,0,0,0,0,1
167,0,0,0,0,0,1,0,0,0,0,0,0,0,0,0,0
168,0,0,0,0,0,0,0,0,0,0,1,1,0,0,0,3
169,0,0,0,0,0,0,0,0,0,0,0,0,0,0,1,3
170,0,0,0,0,0,1,0,0,0,0,0,0,0,0,0,0
171,0,0,0,0,0,1,0,0,0,0,0,0,0,0,0,0
172,0,0,0,0,0,1,0,0,0,0,0,0,0,0,0,0
173,0,0,0,0,0,0,0,0,0,0,0,0,0,1,0,2
174,0,0,0,0,0,0,0,0,0,0,0,0,1,0,0,2
175,0,0,0,0,0,0,0,0,0,0,0,0,0,0,0,1
176,0,0,0,0,0,0,0,0,0,0,0,0,1,0,0,2
177,0,0,0,0,0,0,0,0,0,0,1,0,0,0,0,2
178,0,0,0,0,0,1,0,0,0,0,0,0,0,0,0,0
179,0,0,0,0,0,1,0,0,0,0,0,0,0,0,0,0
180,0,0,0,1,0,0,0,0,0,0,0,0,0,0,0,1
181,0,0,0,0,0,0,0,0,0,0,0,0,0,0,0,2
182,0,0,0,0,0,1,0,0,0,0,0,0,0,0,0,0
183,0,0,0,0,0,0,0,0,0,0,0,0,0,0,0,1
184,0,0,0,0,0,0,0,0,0,0,0,0,1,0,0,1
185,0,0,0,0,0,0,0,0,0,0,0,0,1,0,0,2
186,0,0,0,0,0,0,0,0,0,0,0,1,0,0,0,3
187,0,0,0,0,0,0,0,0,0,0,0,0,0,0,0,1
188,0,0,0,0,0,0,0,0,0,0,1,0,0,0,0,2
189,1,0,0,0,0,0,0,0,0,0,1,0,1,0,0,2
190,1,0,0,0,0,0,0,0,0,0,0,0,0,0,0,0
191,0,0,0,0,0,0,0,0,0,0,0,0,0,0,0,3
192,0,0,0,0,0,0,0,0,1,0,0,0,0,0,0,3
193,0,0,0,0,0,0,0,0,0,0,1,1,0,0,0,3
194,0,0,0,0,0,0,0,0,0,0,0,0,0,1,0,2
195,0,0,0,0,0,0,0,0,0,0,0,0,0,0,0,0
196,0,0,0,0,0,0,0,0,0,0,0,1,0,0,0,3
197,0,0,0,0,0,0,0,0,0,0,0,0,0,0,1,1
198,0,0,0,0,0,0,0,0,0,0,0,0,0,0,0,2
199,0,0,0,0,0,0,0,0,0,0,0,0,0,0,0,2
200,0,0,0,0,0,0,0,0,0,0,0,0,0,0,0,2
201,0,1,0,0,0,0,0,0,0,0,0,0,0,0,0,0
202,0,0,0,0,0,0,0,0,0,0,0,0,0,0,0,2
203,0,0,0,0,0,0,0,0,0,1,0,0,1,0,0,2
204,0,0,0,0,0,1,0,0,0,0,0,0,0,0,0,2
205,0,0,0,0,0,0,0,0,0,1,0,1,0,0,0,3
206,0,0,0,0,0,0,0,0,0,0,0,0,0,0,0,2
207,0,0,0,0,0,0,0,0,0,0,0,0,1,0,0,1
208,0,0,0,0,0,0,0,0,0,0,0,0,0,0,0,0
209,0,0,0,0,0,0,0,0,0,0,0,1,0,0,0,3
210,0,1,0,0,0,0,0,0,0,0,0,0,0,0,0,0
211,0,0,0,1,0,0,0,0,1,0,0,0,0,0,0,2
212,0,0,0,0,0,0,0,0,0,0,1,0,1,0,0,2
213,0,0,0,0,0,1,0,0,0,0,0,0,0,0,0,0
214,0,0,0,1,0,0,0,0,0,0,0,0,0,0,0,1
215,0,0,0,0,0,0,0,0,0,0,0,0,0,0,0,3
216,0,0,0,0,0,0,0,0,0,0,0,0,0,0,0,1
217,0,0,0,0,0,0,0,0,0,1,0,0,0,0,0,2
218,0,0,0,0,0,0,0,0,0,0,0,0,0,0,0,1
219,0,0,0,0,0,0,0,0,0,0,0,0,0,0,0,1
220,0,0,0,0,0,0,0,0,0,0,0,0,0,0,0,2
221,0,0,0,0,0,0,0,0,0,0,0,0,1,0,0,2
222,0,0,0,0,0,0,0,0,0,0,0,0,0,0,0,1
223,0,0,0,0,0,0,0,0,0,0,0,0,1,0,0,1
224,0,0,0,0,0,0,0,0,0,0,0,0,1,0,0,2
225,0,0,0,0,1,0,0,0,0,0,0,0,0,0,0,1
226,0,0,0,0,0,0,0,0,0,1,0,1,0,0,0,3
227,0,0,0,0,0,0,0,0,0,0,0,0,0,0,0,2
228,0,0,0,0,0,0,0,0,0,0,1,0,0,0,0,3
229,0,0,0,0,0,0,0,0,0,0,0,0,0,0,0,1
230,0,0,0,0,0,0,0,0,0,0,0,1,0,0,0,3
231,0,0,0,1,0,0,0,0,0,0,0,0,0,0,0,2
232,0,0,0,0,0,1,0,0,0,0,0,0,0,0,0,0
233,0,0,0,0,0,1,0,0,0,0,0,0,0,0,0,0
234,0,0,0,0,0,1,0,0,0,0,0,0,0,0,0,0
235,0,0,0,0,0,0,0,0,0,0,0,0,0,0,1,1
236,0,0,0,0,0,0,1,0,1,0,0,1,0,0,0,3
237,0,0,0,0,0,0,0,0,0,0,0,0,0,0,0,2
238,0,0,0,0,0,0,0,0,0,0,1,0,0,0,0,2
239,0,0,0,0,0,1,0,0,0,0,0,0,0,0,0,0
240,0,0,0,0,0,1,0,0,0,0,0,0,0,0,0,0
241,1,0,0,0,1,0,0,0,0,0,0,0,0,0,0,1
242,0,0,0,0,0,1,0,0,0,0,0,0,0,0,0,0
243,0,0,0,0,0,0,0,0,0,0,0,0,1,0,1,2
244,0,0,0,0,0,1,0,0,0,0,0,0,0,0,0,0
245,0,0,0,0,0,1,0,0,0,0,0,0,0,0,0,0
246,0,0,0,0,0,1,0,0,0,0,0,0,0,0,0,2
247,0,0,0,0,0,0,0,0,0,0,0,0,1,0,0,3
248,0,0,0,0,0,0,0,0,0,0,0,0,0,1,0,2
249,0,0,0,1,0,0,0,0,0,0,0,0,0,0,0,0
250,0,0,0,0,0,0,0,0,0,0,0,0,0,0,0,0
251,0,1,0,1,0,0,0,0,0,0,0,0,0,0,0,0
252,0,1,0,1,0,0,0,0,0,0,0,0,0,0,0,1
253,0,0,0,0,0,0,0,0,0,0,0,0,0,0,0,1
254,0,0,0,0,0,0,0,0,1,0,0,1,1,0,0,3
255,0,0,0,0,1,0,0,0,0,0,0,0,0,0,0,0
256,0,0,0,0,0,0,0,0,0,0,1,0,0,0,1,3
257,0,0,0,0,0,0,0,0,0,0,0,1,1,0,0,3
258,0,0,0,0,0,0,0,0,0,0,0,0,1,0,0,2
259,0,0,0,0,0,0,0,0,0,0,0,0,1,0,0,2
260,0,0,0,0,0,1,0,0,0,0,0,0,0,0,0,3
261,0,0,0,0,0,0,0,0,0,0,0,0,0,0,0,1
262,0,0,0,0,0,0,0,0,0,0,0,0,0,0,0,2
263,0,0,0,0,0,0,0,1,0,1,0,1,0,0,0,3
264,0,0,0,0,0,0,1,0,0,0,0,1,0,0,0,3
265,0,0,0,0,0,0,0,0,0,0,0,0,0,0,0,2
266,0,0,1,0,0,0,0,0,0,0,0,0,0,0,0,1
267,0,0,0,0,1,0,0,0,0,0,0,0,0,0,0,1
268,0,0,0,0,0,0,0,0,0,0,0,0,0,0,0,2
269,0,0,0,0,0,1,0,0,0,0,0,0,0,0,0,0
270,0,0,0,0,1,0,0,0,0,0,0,0,0,0,0,2
271,1,0,0,0,1,0,0,0,0,0,0,0,0,0,0,1
272,0,0,0,0,0,1,0,0,0,0,1,0,0,0,0,1
273,0,0,0,0,0,0,0,0,0,0,1,0,1,0,0,2
274,0,0,0,0,0,0,0,0,0,0,0,0,0,0,0,3
275,0,0,0,0,0,0,1,0,0,0,0,1,0,0,0,3
276,0,0,0,0,0,0,0,0,0,0,0,0,0,0,0,1
277,0,0,0,1,0,0,0,0,0,0,0,0,0,0,0,1
278,0,0,1,0,0,0,0,0,0,0,0,0,0,0,0,1
279,0,0,0,0,0,0,0,0,0,0,0,1,0,0,0,3
280,0,0,0,0,1,0,0,0,0,0,0,0,0,0,0,2
281,0,0,0,1,0,1,0,0,0,0,0,0,0,0,0,1
282,0,0,0,0,1,0,0,0,0,0,0,0,0,0,0,2
283,0,0,0,0,0,0,0,0,0,0,0,0,0,0,0,2
284,0,0,0,0,0,0,0,0,0,0,0,0,0,0,0,1
285,0,0,0,0,0,1,0,0,0,0,0,0,0,0,0,0
286,0,1,0,1,0,0,0,0,0,0,0,0,0,0,0,0
287,0,0,0,0,0,0,0,0,0,0,0,0,1,0,0,2
288,0,0,0,0,0,0,0,0,0,0,0,0,1,0,0,2
289,0,0,0,0,0,0,0,0,0,0,1,0,0,0,0,2
290,0,0,0,0,0,0,0,0,0,0,1,0,1,0,0,2
291,0,0,0,0,0,0,0,0,0,0,1,1,0,0,0,3
292,0,0,0,0,1,0,0,0,0,0,0,0,0,0,0,2
293,0,0,0,0,0,0,0,0,1,0,0,1,0,0,0,3
294,1,0,0,0,0,0,0,0,0,0,0,0,0,0,0,0
295,0,0,0,0,0,0,0,0,0,0,0,1,0,0,0,3
296,0,0,0,0,0,0,0,0,0,1,1,1,0,0,0,3
297,0,0,0,0,0,0,0,0,1,0,0,0,0,0,0,2
298,0,0,0,0,0,1,0,0,0,0,0,0,0,0,0,0
299,0,0,0,1,0,0,0,0,0,0,0,0,0,0,0,2
300,0,0,0,0,0,0,0,0,1,0,0,1,0,0,0,3
301,0,0,0,0,0,0,0,0,0,0,0,0,0,0,0,3
302,0,0,0,0,0,0,0,0,0,0,0,0,0,0,0,3
303,0,0,0,0,0,0,0,0,0,0,0,1,0,0,0,3
304,0,0,0,0,0,0,0,1,0,1,0,0,0,0,0,3
305,0,0,0,0,0,0,0,0,0,0,1,0,0,0,0,2
306,0,0,0,0,0,0,0,0,0,0,0,0,0,0,0,1
307,0,0,0,0,0,0,0,0,0,0,0,0,1,0,0,2
308,0,0,0,0,0,0,0,0,0,0,0,0,0,0,0,3
309,0,0,0,0,0,0,0,0,0,1,0,0,0,0,0,2
310,0,0,0,0,0,0,0,0,1,0,0,0,1,0,0,2
311,0,0,0,0,0,0,0,0,0,0,0,0,0,0,0,3
312,0,0,0,0,0,1,0,0,0,0,0,0,0,0,0,0
313,0,0,0,0,1,0,0,0,0,0,0,0,0,0,0,2
314,0,0,0,0,0,0,0,0,0,0,0,1,0,0,0,3
315,0,0,0,0,0,0,0,0,0,0,0,0,0,0,0,3
316,0,0,0,0,0,1,0,0,0,0,0,0,0,0,0,0
317,0,0,0,0,0,1,0,0,0,0,0,0,0,0,0,2
318,0,0,0,0,0,1,0,0,0,0,0,0,0,0,0,0
319,0,0,0,0,0,0,0,0,0,0,1,0,0,0,0,2
320,0,0,0,0,0,1,0,0,0,0,0,0,0,0,0,0
321,0,0,0,0,1,0,0,0,0,0,0,0,0,0,0,2
323,0,0,0,0,0,0,0,0,0,0,0,0,0,0,0,2
324,0,0,0,0,0,1,0,0,0,0,0,0,0,0,0,0
325,0,0,0,0,0,0,0,0,0,1,0,1,1,0,0,3
326,0,0,0,0,0,0,0,0,0,0,0,0,0,0,0,3
327,0,0,0,0,0,1,0,0,0,0,0,0,0,0,0,0
328,0,0,0,0,0,0,0,0,0,0,0,0,0,0,0,3
329,1,0,0,0,0,0,0,0,0,0,0,0,0,1,0,1
330,0,0,0,0,0,0,0,0,0,0,0,0,1,0,0,1
331,0,0,0,0,0,0,0,0,1,0,0,0,0,0,0,3
332,0,0,0,0,0,0,0,0,0,0,0,0,0,0,0,2
333,0,0,0,0,0,0,0,0,0,0,0,0,0,0,0,1
334,0,0,0,0,0,0,0,0,0,0,0,0,0,0,0,1
335,1,0,0,0,0,0,0,0,0,1,0,0,1,0,0,2
336,0,0,0,0,0,0,0,0,0,0,0,0,0,0,0,2
337,0,0,1,0,0,0,0,0,0,0,0,0,0,0,0,2
338,0,0,0,0,1,0,0,0,0,0,0,0,0,0,0,2
339,0,0,0,1,0,0,0,0,0,0,0,0,0,0,0,1
340,0,0,0,0,0,0,0,0,0,1,1,1,0,0,0,3
341,0,0,0,0,0,0,0,0,0,0,0,0,0,0,0,3
342,0,0,0,0,0,0,0,0,0,1,1,0,0,0,0,2
343,0,0,0,0,0,1,0,0,0,0,0,0,0,0,0,0
344,0,0,0,0,0,0,0,0,0,0,0,0,1,0,0,3
345,0,0,0,0,0,0,1,0,0,0,0,0,0,0,0,1
346,0,0,0,0,0,0,0,0,0,0,0,0,1,0,0,2
347,0,0,0,1,0,0,0,0,0,0,0,0,0,0,0,1
348,0,0,0,0,0,0,0,0,0,0,0,0,0,0,0,1
349,0,0,0,0,0,1,0,0,0,0,0,0,0,0,0,0
350,0,0,0,0,0,0,0,0,0,0,1,0,0,0,0,2
351,0,0,0,0,1,0,0,0,0,0,0,0,0,0,0,2
352,0,0,0,0,0,0,0,0,0,0,0,0,0,0,0,2
353,0,0,0,1,0,1,0,0,0,0,0,0,1,0,0,2
354,0,0,0,0,0,0,0,0,0,0,0,0,0,0,0,2
355,1,0,0,0,0,0,0,0,0,0,0,0,0,0,0,0
356,0,0,0,0,0,0,0,0,0,0,0,1,1,0,0,3
357,0,0,0,0,0,0,0,0,0,0,0,0,0,1,0,2
358,0,0,0,0,0,0,0,0,0,0,0,0,0,0,0,2
359,0,0,0,0,0,0,0,0,0,0,0,0,1,0,0,2
360,0,0,0,0,0,0,0,0,0,0,0,1,0,0,0,3
361,0,0,0,0,0,0,0,0,0,0,0,0,0,0,0,2
362,0,0,0,0,0,0,0,0,0,0,0,0,0,0,0,1
363,0,0,0,0,0,0,0,0,0,0,0,0,0,0,0,2
364,0,0,0,0,0,0,0,0,0,1,0,1,0,0,0,3
365,0,0,0,0,0,0,0,0,0,0,0,0,1,0,0,2
366,0,0,0,1,0,0,0,0,0,0,0,0,1,0,0,2
367,0,0,0,0,0,0,0,0,0,0,0,0,1,0,0,2
368,0,0,0,0,0,0,0,0,0,0,0,0,0,0,0,2
369,0,0,0,1,0,0,0,0,0,0,0,0,1,0,0,2
370,0,0,0,1,0,0,0,0,0,0,0,0,0,0,0,2
371,0,0,0,1,0,0,0,0,0,0,0,0,0,0,0,2
372,0,0,0,1,0,0,0,0,0,0,0,0,1,0,0,2
373,0,0,0,0,0,0,0,0,1,1,0,1,0,0,0,3
374,0,0,0,0,0,0,0,0,0,0,0,1,0,0,0,3
375,0,0,0,0,0,0,0,0,0,0,0,0,0,0,0,3
376,0,0,0,0,0,0,0,0,0,0,0,0,1,0,0,2
377,0,0,0,0,0,0,0,0,0,0,0,1,1,0,0,3
378,0,0,0,0,0,1,0,0,0,0,0,0,0,0,0,0
379,0,0,0,0,0,0,0,0,0,0,0,0,1,0,0,2
380,0,0,0,0,0,0,0,0,1,0,0,0,0,0,0,2
381,0,0,0,0,0,0,0,0,0,0,0,0,0,0,0,2
382,0,0,0,0,0,0,0,0,0,0,0,0,0,0,0,3
383,0,0,0,1,0,0,0,0,0,0,0,0,1,0,0,2
384,0,0,0,0,0,1,0,0,0,0,0,0,0,0,0,2
385,0,0,0,0,0,0,0,0,0,0,0,0,0,0,0,2
386,0,0,0,0,0,0,0,0,0,0,1,0,1,0,0,2
387,0,0,0,0,0,0,0,0,0,0,0,0,0,0,0,1
388,0,0,0,0,0,0,0,0,0,0,0,0,1,0,0,2
389,0,0,0,0,0,0,0,0,0,0,0,0,0,0,0,2
390,0,0,0,1,0,0,0,0,0,0,0,0,1,0,0,1
391,0,0,0,0,0,0,0,0,0,0,0,0,0,0,0,1
392,0,0,0,0,0,0,0,0,0,0,0,0,1,0,0,2
393,1,0,0,0,1,0,0,0,0,0,0,0,0,0,0,1
394,0,0,0,0,0,1,0,0,0,0,0,0,0,0,0,0
395,0,1,0,0,0,0,0,0,0,0,0,0,0,0,1,0
396,0,0,0,1,0,0,0,0,0,0,0,0,0,0,0,0
397,0,0,0,0,0,0,0,0,0,0,0,0,0,0,0,1
398,0,0,0,0,0,1,0,0,0,0,0,0,0,0,0,0
399,0,0,0,0,0,0,0,0,0,0,0,0,0,0,0,3
400,0,0,0,0,0,0,0,0,0,0,0,0,0,0,0,3
401,0,0,1,0,0,0,0,0,0,0,0,0,1,0,0,2
402,0,1,0,0,0,0,0,0,0,0,0,0,0,0,0,0
403,0,0,0,0,0,0,0,0,0,0,0,0,0,0,0,2
404,0,0,0,0,0,0,0,0,0,0,1,0,0,0,0,2
405,0,0,0,0,0,0,0,0,0,0,1,0,0,0,0,2
406,0,0,1,0,0,0,0,0,0,0,0,0,0,0,0,2
407,0,0,0,0,0,0,0,0,0,0,1,0,0,0,0,2
408,0,0,0,0,0,0,0,0,0,0,0,0,0,0,0,0
409,0,0,0,0,0,1,0,0,0,0,0,0,0,0,0,1
410,0,0,0,0,0,1,0,0,0,0,0,0,0,0,0,0
411,0,0,0,0,0,1,0,0,0,0,0,0,0,0,0,0
412,0,0,0,0,0,0,0,0,0,1,0,0,0,0,0,3
413,0,0,0,0,0,0,0,0,0,0,0,0,0,0,0,2
414,0,0,0,0,0,0,0,1,0,0,1,1,0,0,0,3
415,0,0,0,0,0,0,0,0,1,0,0,0,0,0,0,3
416,0,0,0,1,0,0,0,0,0,0,0,0,0,0,1,2
417,0,0,0,0,0,0,0,0,0,0,0,0,0,1,0,1
418,0,0,0,0,1,0,0,0,0,0,0,0,0,0,0,2
419,0,0,0,1,0,0,0,0,0,0,0,0,0,0,0,2
420,0,0,0,0,0,0,0,0,0,0,0,0,1,0,0,1
421,0,0,0,0,0,0,0,0,0,1,1,0,0,0,0,3
422,0,0,0,0,0,0,0,0,0,0,0,0,0,0,0,2
423,0,0,0,0,0,0,0,0,0,0,0,0,0,0,0,2
424,0,0,0,1,0,0,0,0,0,0,0,0,0,0,0,2
425,0,0,0,0,1,0,0,0,0,0,0,0,0,0,0,1
426,0,0,0,0,0,1,0,0,0,0,0,0,0,0,0,2
427,0,0,0,0,0,0,0,1,0,0,0,0,0,0,0,3
428,0,0,0,1,0,0,0,0,0,0,0,0,0,0,0,1
429,0,0,0,0,1,0,0,0,0,0,0,0,0,0,0,2
430,0,0,0,0,0,0,0,0,0,0,0,0,0,0,0,0
431,0,0,0,0,0,0,0,0,0,0,0,0,1,0,0,2
432,0,0,0,0,0,1,0,0,0,0,0,0,0,0,0,0
433,0,0,0,0,0,0,0,0,0,0,0,0,0,0,0,1
434,0,0,0,0,0,0,0,0,0,0,1,1,0,0,0,3
435,0,0,0,0,0,0,0,0,0,0,0,0,1,0,0,2
436,0,0,0,0,0,0,0,0,0,0,0,0,1,0,0,2
437,0,0,0,0,0,0,0,0,0,0,0,1,0,0,0,3
438,0,0,0,0,1,0,0,0,0,0,0,0,0,0,0,1
439,0,0,0,0,0,0,0,0,0,0,0,0,0,0,0,1
440,0,0,0,0,0,0,0,0,0,1,0,1,0,0,0,3
441,0,0,0,0,0,0,0,0,0,0,0,0,0,0,0,3
442,0,0,0,1,0,0,0,0,0,0,0,0,0,0,0,2
443,0,0,0,0,0,0,0,0,0,0,0,0,0,0,0,2
444,0,0,0,0,0,0,0,0,0,0,1,1,0,0,0,3
445,0,1,0,0,0,0,0,0,0,0,0,0,0,0,0,1
446,0,0,0,0,0,0,0,0,0,1,0,0,1,0,0,2
447,0,0,0,0,0,0,0,0,0,0,0,0,0,0,0,1
448,0,0,0,0,0,0,0,0,0,0,0,0,0,0,0,2
449,0,0,0,0,0,0,0,0,0,0,0,0,0,0,0,2
450,1,0,0,0,0,0,0,0,0,0,0,0,0,0,0,0
451,0,0,0,0,1,0,0,0,0,0,0,0,0,0,0,1
452,0,1,0,0,0,0,0,0,0,0,0,0,0,0,0,0
453,0,0,0,0,0,0,0,0,1,0,0,1,0,0,0,3
454,0,1,0,1,0,0,0,0,0,0,0,0,0,0,0,0
455,0,0,0,0,0,0,0,0,0,0,0,0,0,0,0,3
456,0,0,0,0,0,0,0,0,0,0,0,0,0,0,0,3
457,0,0,0,0,0,1,0,0,0,0,0,0,0,0,0,0
458,0,0,0,0,0,0,0,0,0,1,0,1,0,0,0,3
459,0,0,0,0,0,0,0,0,0,0,0,0,0,0,0,1
460,0,0,0,0,0,0,0,0,0,0,0,0,0,0,0,1
461,0,0,0,0,0,0,0,0,0,0,0,0,0,0,1,1
462,0,0,0,0,0,0,0,0,0,0,0,1,0,0,0,3
463,0,0,0,0,0,0,1,0,0,0,0,0,1,0,0,1
464,0,0,0,0,0,0,0,0,0,0,0,0,0,0,0,2
465,0,0,0,0,0,0,0,0,1,0,0,0,0,0,0,3
466,0,0,0,0,0,0,0,0,0,0,0,0,1,0,0,3
467,0,0,0,0,0,1,0,0,0,0,0,0,0,0,0,0
468,0,0,0,0,0,0,0,0,0,0,0,0,0,0,0,1
469,0,0,0,0,0,0,0,0,0,0,0,1,0,0,0,3
470,0,0,0,1,0,0,0,0,0,0,0,0,0,0,0,2
471,0,0,0,0,0,0,1,0,0,1,0,1,0,0,0,3
472,0,0,0,0,0,0,0,0,0,0,0,0,0,0,0,1
473,0,0,0,0,0,1,0,0,0,0,0,0,0,0,0,0
474,0,0,0,0,0,0,0,0,0,0,0,0,0,0,0,1
475,0,1,0,0,0,0,0,0,0,0,0,0,0,0,0,1
476,0,0,0,0,0,0,0,0,0,1,0,0,1,0,0,3
477,0,0,0,0,0,0,0,0,0,0,0,0,0,0,0,2
478,0,0,0,0,0,1,0,0,0,0,0,0,0,0,0,0
479,0,0,1,0,0,0,0,0,0,0,0,0,1,0,0,2
480,0,0,0,0,0,1,0,0,0,0,0,0,0,0,0,2
481,0,0,0,0,0,1,0,0,0,0,0,0,0,0,0,0
482,0,0,0,0,0,0,0,0,0,0,0,1,0,0,0,3
483,0,0,0,0,0,0,0,0,0,0,0,0,0,0,0,0
484,0,0,0,0,0,0,0,0,0,0,0,0,1,0,0,2
485,0,0,0,0,0,0,0,0,0,0,1,0,0,0,0,2
486,0,0,0,0,0,0,0,0,0,0,1,0,0,0,0,2
487,0,0,0,1,0,0,0,0,0,0,0,0,0,1,0,1
488,0,0,0,0,0,0,0,0,0,0,0,0,0,0,0,2
489,0,0,0,0,0,0,0,0,0,0,0,1,1,0,0,3
490,0,0,0,0,0,0,0,0,0,0,0,0,0,0,0,1
491,0,0,0,0,0,1,0,0,0,0,0,0,0,0,0,0
492,0,0,0,0,1,0,0,0,0,0,0,0,0,0,0,1
493,0,0,0,0,0,0,0,0,0,0,1,0,0,0,0,3
494,0,0,0,0,0,0,0,0,0,0,0,0,0,0,0,3
495,0,0,0,0,0,1,0,0,0,0,0,0,0,0,0,0
496,0,0,0,0,0,0,0,0,0,0,0,0,0,0,0,1
497,0,0,0,0,0,1,0,0,0,0,0,0,0,0,0,0
498,0,0,0,0,0,0,0,0,0,0,0,0,0,0,0,3
499,0,0,0,0,0,0,0,0,0,0,0,0,0,0,0,1
500,0,0,0,0,0,0,0,0,0,0,1,0,0,0,0,2
501,0,0,0,0,0,1,0,0,0,0,0,0,0,0,0,2
502,0,0,0,0,0,0,0,0,0,0,0,0,0,0,0,2
503,0,0,1,0,0,0,0,0,0,0,0,0,0,0,0,0
504,0,1,0,0,0,0,0,0,0,0,0,0,0,0,0,0
505,0,0,0,0,0,0,0,0,0,0,0,1,0,0,0,3
506,0,0,0,0,0,1,0,0,0,0,0,0,0,0,0,0
507,0,0,0,1,0,0,0,0,0,0,0,0,0,0,0,1
508,0,0,0,0,0,0,0,0,0,0,0,0,0,0,0,1
509,0,0,0,0,0,0,0,0,0,0,0,0,0,0,0,1
510,0,1,0,0,0,0,0,0,0,0,0,0,0,0,0,0
511,0,0,0,0,0,0,0,0,0,0,0,0,0,0,0,2
512,0,0,0,0,0,1,0,0,0,0,0,0,0,0,0,0
513,0,0,0,0,0,0,0,0,0,0,0,1,0,0,0,3
514,0,0,0,1,0,0,0,0,0,1,0,0,0,0,0,2
515,0,0,0,0,0,1,0,0,0,0,0,0,0,0,0,0
516,1,0,0,0,0,0,0,0,0,0,0,0,0,0,0,1
517,0,0,0,0,1,0,0,0,0,0,0,0,0,0,0,2
518,0,0,0,1,0,0,0,0,0,0,0,0,0,0,0,2
519,0,0,0,0,0,1,1,0,0,0,0,0,0,0,0,2
520,0,0,0,1,0,0,0,0,0,0,1,0,0,0,0,1
521,0,0,0,0,0,0,0,0,0,0,0,0,0,0,0,1
522,0,0,0,0,0,0,0,0,0,0,0,0,0,0,0,3
523,1,0,0,0,1,0,0,0,0,0,0,0,0,0,0,1
524,0,0,0,0,0,0,0,0,0,0,0,0,0,0,0,2
525,0,0,0,0,0,0,0,0,0,0,0,0,0,0,0,1
526,0,0,0,0,1,0,0,0,0,0,0,0,0,0,0,2
527,0,0,0,0,0,0,0,0,0,0,0,0,0,0,0,1
528,0,0,0,0,0,0,0,0,0,0,0,1,1,0,0,3
529,0,0,0,0,0,0,0,0,0,0,0,0,0,0,0,2
530,0,0,0,0,0,0,0,0,0,0,0,0,0,0,0,3
531,0,0,0,0,1,0,0,0,0,0,0,0,0,0,0,1
532,0,0,0,0,0,0,0,0,0,0,0,0,0,0,0,3
533,0,0,0,0,0,0,0,0,0,0,1,1,0,0,0,3
534,0,0,0,0,0,0,0,0,0,0,0,0,0,0,0,1
535,0,0,0,0,0,0,0,0,0,0,0,0,0,0,0,2
537,0,0,0,0,1,0,1,0,0,0,0,0,0,0,0,2
538,0,0,0,0,0,0,0,0,0,0,0,0,1,0,0,2
539,0,0,0,0,0,0,0,0,0,0,0,0,1,0,0,2
540,0,0,0,1,1,0,0,0,0,0,0,0,0,0,0,1
541,0,0,0,0,0,1,0,0,0,0,0,0,0,0,0,0
542,0,0,0,0,0,0,0,0,0,0,1,0,0,0,0,2
544,0,0,0,0,0,0,0,0,0,0,0,0,0,0,0,2
545,0,0,0,1,0,0,0,0,0,0,0,0,0,0,0,0
546,0,0,0,0,0,0,0,0,0,0,0,0,0,0,0,1
547,0,0,0,1,0,0,0,0,0,0,0,0,0,0,0,0
548,0,0,0,0,0,0,0,0,0,0,0,0,0,0,0,2
549,0,0,1,0,0,0,0,0,0,1,0,0,0,0,0,2
550,0,0,0,0,0,0,0,0,0,0,0,0,0,0,0,2
551,0,0,0,0,0,0,0,0,0,0,0,0,0,0,0,2
552,0,0,0,0,0,0,0,0,0,0,0,0,0,1,0,2
553,0,0,0,0,0,0,0,0,0,0,0,0,0,0,0,2
554,1,0,0,0,0,0,0,0,0,0,0,0,1,0,0,1
555,0,0,0,0,0,0,0,0,0,0,0,0,0,0,0,2
556,0,0,0,0,0,0,0,0,0,0,0,0,1,0,0,2
557,0,0,0,0,0,1,0,0,0,0,0,0,0,0,0,0
558,0,0,0,0,0,0,1,0,0,0,0,1,0,1,0,3
559,0,0,0,0,0,1,0,0,0,0,0,0,0,0,0,0
560,0,0,0,0,0,0,0,0,0,1,0,0,1,0,0,2
561,0,0,0,0,0,0,0,0,0,0,0,1,0,0,0,3
562,0,0,0,0,0,0,0,0,0,0,0,0,1,0,0,1
563,0,0,0,0,0,0,0,0,0,0,0,1,0,0,0,3
564,0,0,0,0,0,0,0,0,0,0,0,0,0,0,0,2
565,0,0,0,0,0,0,0,0,0,0,1,0,0,0,0,2
566,0,0,0,0,0,1,0,0,0,0,0,0,0,0,0,0
567,0,0,0,0,0,0,0,0,0,0,1,0,1,0,0,2
568,0,0,0,0,0,0,0,0,0,0,0,0,0,0,0,1
569,0,0,0,0,0,1,1,0,0,0,0,0,0,0,0,2
570,0,0,0,0,0,1,0,0,0,0,0,0,0,0,0,0
571,0,0,0,0,0,0,0,0,0,0,0,1,0,0,0,3
572,0,0,0,0,0,0,0,0,0,0,0,0,0,0,0,3
573,0,0,0,0,0,0,0,0,0,0,0,0,0,0,0,2
574,0,0,0,0,0,0,0,0,0,1,0,1,0,0,0,3
575,0,0,0,0,0,0,0,0,0,0,0,1,1,0,0,3
576,0,0,0,1,0,0,0,0,0,0,0,0,0,0,0,2
577,0,0,1,0,0,0,0,0,0,0,1,0,0,0,0,2
578,0,0,0,0,0,0,0,0,0,0,0,0,0,0,0,2
579,0,0,0,0,0,0,0,0,0,0,0,0,0,0,0,2
580,0,0,0,0,1,0,0,0,0,0,0,0,0,0,0,1
581,0,0,0,0,0,0,0,0,0,0,0,0,0,0,0,2
582,0,0,0,0,0,1,1,0,0,0,0,0,0,0,0,2
583,0,0,0,0,0,0,0,0,0,0,0,0,0,0,0,2
584,0,0,0,0,0,0,0,0,0,0,0,0,0,0,0,2
585,0,0,0,0,1,0,0,0,0,0,0,0,0,0,0,2
586,0,0,0,0,0,0,0,0,0,0,0,0,0,0,0,2
587,0,0,0,0,0,0,0,0,0,0,0,0,1,0,0,2
588,0,0,0,0,0,1,0,0,0,0,0,0,0,0,0,0
589,0,0,0,0,0,1,0,0,0,0,0,0,0,0,0,0
590,0,1,0,0,0,0,0,0,0,0,0,0,0,0,0,0
591,0,0,0,0,0,0,0,0,0,0,0,0,0,0,0,2
592,0,0,0,0,0,1,0,0,0,0,0,0,0,0,0,0
593,0,0,0,0,0,1,0,0,0,0,0,0,0,0,0,0
594,0,0,0,0,0,0,0,0,0,0,0,1,0,0,0,3
595,0,0,0,0,0,1,0,0,0,0,0,0,0,0,0,0
596,1,0,0,0,0,0,0,0,0,0,0,0,0,0,0,0
597,0,0,0,0,0,1,0,0,0,0,0,0,0,0,0,2
598,0,0,0,0,0,0,0,0,0,0,0,1,1,0,0,3
599,0,0,0,0,0,0,0,0,0,0,0,0,0,0,0,2
600,0,0,0,0,0,0,0,0,0,0,0,0,0,0,0,3
601,0,0,0,0,0,0,0,0,0,0,0,0,0,0,0,2
602,0,0,0,0,0,0,0,0,0,0,0,0,0,0,0,1
603,0,0,0,0,0,1,0,0,0,0,0,0,0,0,0,0
604,0,0,0,0,0,0,0,0,0,0,0,0,0,0,0,1
605,0,0,0,0,0,0,0,0,0,0,0,1,0,0,0,3
606,0,0,0,0,0,1,0,0,0,0,0,0,0,0,0,0
607,0,1,0,1,0,0,0,0,0,0,0,0,0,0,0,0
608,0,0,0,0,0,0,0,0,0,1,0,0,0,0,0,2
609,0,0,0,0,0,1,0,0,0,0,0,0,0,0,0,0
610,0,0,0,0,0,0,0,0,0,0,0,1,0,0,0,3
611,0,0,0,0,0,0,0,0,0,0,0,0,0,0,0,2
612,0,0,0,0,0,1,0,0,0,0,0,0,0,0,0,1
613,0,0,0,0,0,0,0,0,0,0,0,1,0,0,0,3
614,0,0,0,1,0,0,0,0,0,0,0,0,0,0,0,2
615,0,0,0,0,0,0,0,0,0,0,0,0,0,0,0,3
616,0,0,0,0,0,0,0,0,0,0,0,0,0,0,0,3
617,0,0,0,0,0,0,0,0,0,0,0,1,0,0,0,3
618,0,0,0,0,0,0,0,0,0,0,0,0,1,0,0,2
619,0,0,0,0,0,0,0,0,0,1,0,0,1,0,0,3
620,0,0,0,1,0,0,0,0,0,0,0,0,1,0,0,1
621,0,0,0,0,0,0,0,0,0,0,0,0,1,0,0,1
622,0,0,0,0,0,0,0,0,0,0,0,0,0,0,0,3
623,0,1,0,0,0,0,0,0,0,0,0,0,0,0,0,0
624,0,0,0,0,0,0,0,0,0,1,0,0,0,0,0,3
625,0,0,0,0,0,0,0,0,1,1,0,1,0,0,0,3
626,0,0,0,0,0,1,0,0,0,0,0,1,0,0,0,3
627,0,0,0,0,1,0,0,0,0,0,0,0,0,0,0,2
628,0,0,0,0,0,0,0,1,0,1,0,0,0,0,0,3
629,0,1,0,0,0,0,0,0,0,0,0,0,0,0,0,0
630,0,0,0,0,0,0,0,0,0,0,0,0,1,0,0,3
631,0,0,0,0,0,1,0,0,0,0,0,0,0,0,0,0
632,0,0,0,0,0,0,0,0,0,0,0,0,0,0,0,2
633,0,0,0,0,0,0,0,0,0,0,1,0,0,0,0,2
634,0,0,0,0,0,0,0,0,0,0,1,0,0,0,1,3
635,0,0,0,0,0,0,0,0,0,0,0,0,0,0,0,2
636,0,0,0,0,0,0,0,0,0,0,0,0,0,0,0,2
637,0,0,0,0,0,0,0,0,0,0,0,0,1,0,0,2
638,0,0,0,0,0,0,0,0,0,0,0,0,0,0,0,2
640,0,0,0,0,0,0,0,0,0,0,0,0,0,0,0,3
641,0,1,0,0,0,0,0,0,0,0,0,0,0,0,0,0
642,0,0,0,0,0,0,0,0,0,0,0,0,0,0,0,3
643,0,0,0,0,0,0,0,0,1,0,0,0,0,0,0,3
644,1,0,0,0,0,0,0,0,0,0,0,0,0,0,0,0
645,0,0,0,0,0,0,0,0,0,0,0,0,0,0,0,2
646,0,0,0,0,1,0,0,0,0,0,0,0,0,0,0,1
647,1,0,0,0,0,0,0,0,0,0,0,0,0,0,0,0
648,0,0,0,0,0,0,0,0,0,0,0,0,0,0,0,2
649,0,0,0,0,0,0,0,0,0,0,0,0,0,0,0,2
650,0,0,0,0,0,0,0,0,0,0,0,0,0,0,0,2
651,0,0,0,0,0,0,0,0,0,0,0,0,0,0,0,2
652,0,0,0,0,0,0,0,0,0,0,0,0,0,0,0,3
653,0,0,0,0,0,0,0,0,0,0,0,0,0,0,0,2
654,0,0,0,0,1,0,0,0,0,0,0,0,1,0,0,1
655,0,0,0,0,0,1,0,0,0,0,0,0,0,0,0,0
656,0,0,0,0,0,0,0,0,0,0,0,0,0,0,0,3
657,0,0,0,0,0,0,0,0,0,0,1,0,0,0,0,2
658,0,0,0,0,0,0,0,0,0,1,0,1,0,0,0,3
659,0,0,0,0,0,0,0,0,0,0,0,0,0,0,0,2
660,0,0,0,0,0,1,0,0,0,0,0,1,0,0,0,1
661,0,0,0,0,0,0,0,0,0,0,0,0,0,0,0,2
662,0,0,0,0,0,0,0,0,0,0,0,0,0,0,0,1
663,0,0,0,0,0,0,1,0,0,0,0,0,1,0,0,2
664,0,0,0,0,0,0,0,0,0,0,0,1,0,0,0,3
665,0,0,0,0,1,0,0,0,0,0,0,0,0,0,0,1
666,0,0,0,0,0,0,0,0,0,0,0,0,0,0,0,1
667,0,0,0,0,0,0,0,0,0,0,0,0,1,0,0,2
668,0,1,0,0,0,0,0,0,0,0,0,0,0,0,0,0
669,0,1,0,0,0,0,0,0,0,0,0,0,0,0,0,0
670,0,0,0,1,0,0,0,0,0,0,0,0,1,0,0,2
671,0,0,0,1,0,0,0,0,0,0,0,0,0,0,1,2
672,0,0,0,0,0,1,0,0,0,0,0,0,0,0,0,0
673,0,0,0,0,0,0,0,0,0,0,0,0,0,0,0,2
674,0,0,0,0,0,0,0,0,0,1,0,0,0,0,0,2
675,0,0,0,0,0,0,0,0,1,0,0,0,0,1,0,2
676,0,0,0,0,0,0,0,0,0,0,0,0,0,0,0,1
677,0,0,0,0,0,0,0,0,0,0,0,0,0,0,0,3
678,0,0,0,0,0,0,0,0,0,0,0,0,1,0,0,2
679,0,0,0,0,1,0,0,0,0,0,0,0,0,0,0,2
680,0,0,0,0,0,1,0,0,0,0,0,0,0,0,0,2
681,0,0,0,0,0,0,0,0,0,0,0,0,0,0,0,1
682,0,0,0,0,0,1,0,0,0,0,0,1,0,0,0,3
683,0,0,0,0,0,0,0,0,0,0,0,0,1,0,0,2
684,0,0,1,0,0,0,0,1,0,0,0,0,0,0,0,2
685,0,0,0,0,0,0,0,0,0,1,0,1,0,0,0,3
686,0,0,0,0,0,0,0,0,0,0,0,0,0,0,0,3
687,0,0,0,0,0,0,0,1,0,1,0,1,0,0,0,3
688,0,0,0,0,1,0,0,0,0,0,0,0,1,0,0,2
689,0,0,0,0,0,1,0,0,0,0,0,0,0,0,0,0
690,0,0,0,1,0,0,0,0,0,0,0,0,1,0,0,2
691,0,0,0,0,0,0,0,0,0,0,0,0,0,0,0,1
692,0,0,0,0,0,0,0,0,0,0,0,0,0,0,0,2
693,0,0,0,0,0,0,0,0,0,0,0,0,0,0,0,3
694,0,0,0,1,0,0,0,0,0,0,0,0,0,0,0,1
695,0,0,0,1,0,0,0,0,0,0,0,0,1,0,0,2
696,0,0,0,0,0,0,0,0,0,0,0,0,0,0,0,3
697,0,0,0,0,0,0,0,0,0,0,0,0,0,0,0,2
698,0,0,0,0,1,0,0,0,0,0,0,0,0,0,0,0
699,0,1,0,0,0,0,0,0,0,0,0,0,0,0,0,3
700,0,0,0,0,0,1,0,0,0,0,0,0,0,0,0,0
701,0,0,0,0,0,0,0,0,0,0,0,0,1,0,0,2
702,0,0,0,0,0,0,0,0,0,0,0,0,0,0,0,1
703,0,0,0,0,0,0,0,0,0,0,0,0,0,0,0,2
704,0,0,0,0,0,0,0,0,1,1,0,1,0,0,0,3
705,0,0,0,0,0,0,0,0,1,0,1,1,0,0,0,3
706,0,0,0,0,0,0,0,0,0,0,0,0,0,0,0,1
707,0,0,0,0,0,0,0,0,0,0,0,1,0,0,0,3
708,0,0,0,0,0,0,0,0,0,0,0,0,0,0,0,3
709,0,0,0,0,0,0,0,0,0,0,0,1,0,0,0,3
710,0,0,0,0,0,0,0,0,0,0,0,0,1,0,0,2
711,0,0,0,0,0,1,0,0,0,0,0,0,0,0,0,1
712,0,0,0,0,0,0,0,0,0,1,0,1,0,0,0,3
713,0,0,0,0,0,0,0,0,0,0,1,0,0,0,0,2
714,0,0,0,0,0,0,0,0,0,0,1,0,0,0,0,2
715,0,0,0,0,1,0,0,0,0,0,0,0,0,0,0,2
716,0,0,0,0,0,0,0,0,0,0,0,0,0,0,0,1
717,0,0,0,0,0,0,0,0,0,0,0,0,0,0,0,2
718,0,0,0,0,0,0,0,0,0,1,0,0,0,0,0,3
719,0,0,0,0,0,0,0,0,0,0,0,0,0,0,0,2
720,0,0,0,0,0,0,0,0,0,0,0,1,0,0,0,3
721,0,0,0,0,0,0,0,0,0,1,0,0,1,0,0,2
722,0,0,0,0,0,0,0,0,0,0,0,0,0,0,0,1
723,0,0,0,1,0,0,0,0,0,0,0,0,0,0,0,2
724,0,0,0,0,0,0,0,0,0,0,0,0,0,0,0,2
725,0,0,0,0,0,0,0,0,0,0,0,1,0,0,0,3
726,0,0,0,0,0,0,0,0,0,0,0,0,0,0,0,2
727,0,0,0,0,0,0,0,0,0,0,0,0,1,0,0,1
728,0,0,0,0,0,1,0,0,0,0,0,0,0,0,0,0
729,0,0,0,0,0,0,0,0,1,1,0,1,0,0,0,3
730,0,0,0,0,0,0,0,0,0,0,0,0,0,0,0,2
731,0,0,0,1,1,0,0,0,0,0,0,0,0,0,0,1
732,0,0,0,0,0,0,0,0,0,0,0,0,1,0,0,1
733,0,0,1,0,0,0,0,0,0,0,0,0,0,0,0,1
734,0,0,0,0,0,0,0,0,0,0,0,0,0,0,0,1
735,0,0,0,0,0,0,0,0,0,0,0,0,0,0,0,2
736,0,0,0,0,0,0,0,0,0,1,1,1,0,0,0,3
737,0,0,0,0,1,0,0,0,0,0,0,0,0,0,0,2
738,0,0,0,0,0,1,0,0,0,0,0,0,0,0,0,0
739,0,0,0,0,1,0,0,0,0,0,0,0,0,0,0,2
740,0,1,0,0,0,0,0,0,0,0,0,0,0,0,0,0
741,0,0,0,0,0,0,0,0,0,0,0,0,0,0,0,1
742,0,0,0,0,0,0,0,0,0,0,1,0,0,0,0,2
743,0,0,0,0,0,1,0,0,0,0,0,0,0,0,0,0
744,0,0,0,1,1,1,0,0,0,0,0,0,0,0,0,2
745,0,0,1,0,0,0,0,0,0,0,0,0,1,0,0,2
746,0,0,0,0,0,0,0,0,0,1,1,1,0,0,0,3
747,0,0,0,0,0,0,0,0,0,0,0,0,0,0,0,1
748,0,0,0,1,0,0,0,0,0,0,0,0,0,0,0,1
749,0,0,0,0,0,0,0,0,0,0,0,1,1,0,0,3
750,0,0,0,0,0,0,0,0,0,0,0,0,0,0,0,2
751,0,0,0,1,0,0,0,0,0,0,0,0,0,1,0,1
752,0,1,0,0,0,0,0,0,0,0,0,0,0,0,0,1
753,0,0,0,0,0,1,0,0,0,0,0,0,0,0,0,0
754,0,0,0,0,0,1,0,0,0,0,0,0,0,0,0,0
755,0,0,0,0,0,0,0,0,0,0,0,0,0,0,0,2
756,0,0,0,1,0,0,0,0,0,0,0,0,0,0,0,1
757,0,0,0,0,1,0,0,0,0,0,0,0,0,0,0,1
758,0,0,0,0,0,0,0,0,0,0,0,0,1,0,0,2
759,0,0,0,0,0,0,0,0,0,0,0,0,0,0,0,2
760,0,1,0,0,0,0,0,0,0,0,0,0,0,0,0,1
761,0,0,0,0,0,0,0,0,0,1,0,1,0,0,0,3
762,0,0,0,0,0,0,0,0,0,0,0,0,0,0,0,1
763,0,0,0,0,0,0,0,0,0,0,0,1,0,0,0,3
764,0,0,0,0,0,0,0,0,1,0,0,0,0,0,0,2
765,0,0,0,0,0,0,0,0,0,0,0,0,0,0,0,1
766,0,0,0,0,0,0,0,0,0,0,0,0,0,0,0,3
767,0,0,0,0,0,0,0,0,0,0,0,0,0,0,0,1
768,1,0,0,0,0,1,0,1,0,0,0,0,0,0,0,1
769,0,0,0,0,0,0,0,0,0,0,0,0,0,0,0,2
770,0,0,0,0,1,0,0,0,0,0,0,0,0,0,0,2
771,0,0,0,0,0,1,0,0,0,0,0,0,0,0,0,0
772,0,0,0,1,0,0,0,0,0,0,0,0,0,0,0,2
773,0,0,0,0,0,0,0,0,0,0,0,0,1,0,0,2
774,0,0,0,0,0,0,0,0,0,0,0,1,0,0,0,3
775,0,0,0,0,0,0,0,0,0,0,0,0,1,0,0,2
776,0,0,0,0,0,1,0,0,0,0,0,0,0,0,0,0
777,0,0,0,0,0,0,0,0,0,0,0,1,1,0,0,3
778,0,0,0,0,0,0,0,0,0,0,1,0,0,0,0,2
779,0,0,0,0,0,0,0,0,0,0,0,0,0,0,0,0
780,0,0,0,0,0,0,0,0,0,0,0,0,0,0,0,2
781,0,0,0,0,0,1,0,0,0,0,0,0,0,0,0,2
782,0,0,0,0,0,0,0,0,0,0,0,0,0,0,0,2
783,0,0,0,0,1,0,0,0,0,0,0,0,0,0,0,1
784,0,0,0,0,0,1,0,0,0,0,0,0,0,0,0,0
785,0,0,0,0,0,0,0,0,1,0,0,1,0,0,0,3
786,0,0,0,1,0,0,0,0,0,0,0,0,0,0,0,1
787,0,0,0,1,0,0,0,0,0,0,0,0,0,0,0,1
788,0,1,0,0,0,0,0,0,0,0,0,0,0,0,0,0
789,0,0,0,0,0,0,0,0,0,0,0,0,1,0,0,1
790,0,0,0,0,0,1,0,0,0,0,0,0,0,0,0,0
791,0,0,0,0,0,0,0,0,0,0,0,1,0,0,0,3
792,0,0,0,0,0,0,0,0,0,0,0,0,0,0,0,3
793,0,0,0,0,1,0,0,0,0,0,0,0,0,0,0,2
794,0,0,0,0,0,0,0,0,0,0,1,1,0,0,0,3
795,0,0,0,0,0,0,0,0,0,0,0,0,0,0,0,1
796,0,0,0,0,0,0,0,0,0,0,0,0,0,0,0,2
797,0,0,0,0,0,0,0,0,0,0,1,0,0,0,0,3
798,0,0,0,0,0,0,0,0,0,0,0,0,1,0,0,2
799,0,0,0,0,0,1,0,0,0,0,0,0,0,0,0,2
800,0,0,0,0,0,0,0,0,0,0,0,0,0,0,0,1
801,0,0,0,0,0,0,0,0,0,0,0,0,0,0,0,1
802,0,0,0,0,0,0,1,0,0,0,0,0,0,0,0,2
803,0,0,0,1,0,0,0,0,0,0,0,0,0,0,0,2
804,0,1,0,0,0,0,0,0,0,0,0,0,0,0,0,0
805,0,0,0,0,0,0,0,0,0,0,0,0,0,0,0,2
806,0,0,0,0,0,0,0,0,0,0,0,0,0,0,0,2
807,0,0,0,0,0,0,0,0,0,0,0,0,0,0,0,2
808,0,0,0,0,1,0,0,0,0,0,0,0,0,0,0,2
809,0,0,0,0,0,0,0,0,0,0,0,0,1,0,0,3
810,0,0,0,0,0,0,0,0,0,0,0,0,0,0,0,2
811,0,0,0,0,0,0,0,0,0,0,0,0,0,0,0,1
812,0,0,0,0,0,0,0,0,0,0,0,0,0,0,0,2
813,0,0,0,0,0,0,0,0,0,0,0,0,0,0,0,1
814,0,0,0,0,0,0,0,0,0,0,1,0,0,0,0,2
815,0,0,0,0,0,0,0,0,0,0,0,0,0,0,0,3
816,0,0,0,0,0,0,0,0,0,0,0,0,0,0,0,3
817,0,0,0,0,0,0,0,1,0,1,0,1,0,0,0,3
818,0,0,0,0,0,0,0,0,0,0,0,0,1,0,0,2
819,0,0,0,0,0,1,0,0,0,0,1,0,1,0,0,2
820,0,0,0,0,0,0,0,0,0,0,0,0,0,0,1,2
821,0,0,0,0,0,0,0,0,0,0,0,0,0,0,0,1
822,0,0,0,0,0,1,0,0,0,0,0,0,0,0,0,0
823,0,0,0,0,0,1,0,0,0,0,0,0,0,0,0,0
824,0,0,0,0,0,1,0,0,0,0,0,0,0,0,0,0
825,0,0,0,0,0,0,0,0,0,0,0,0,0,0,0,1
826,0,0,0,0,0,0,0,0,0,0,1,1,0,0,0,3
827,0,0,0,0,0,0,0,0,0,0,0,0,0,0,0,1
828,0,0,0,0,0,1,0,0,0,0,0,0,0,0,0,0
829,0,0,0,0,0,0,0,0,0,0,0,0,0,0,0,3
830,0,0,0,0,0,1,0,0,0,0,0,0,0,0,0,0
831,0,0,0,0,0,0,0,0,0,0,0,0,0,0,0,1
832,0,0,0,0,0,0,0,0,0,0,0,0,0,1,0,1
833,0,0,0,0,0,0,0,0,0,1,0,0,0,0,0,2
834,0,0,0,0,0,0,0,0,0,0,0,0,0,0,0,2
835,0,0,0,1,0,0,0,0,0,0,0,0,0,0,0,1
836,0,0,0,0,0,0,0,0,0,0,0,0,0,0,0,1
837,0,0,0,0,0,0,0,0,1,0,0,1,0,0,0,3
838,0,0,0,1,0,0,0,0,0,0,0,0,1,0,0,2
839,0,0,0,0,1,0,0,0,0,0,0,0,0,0,0,2
840,0,0,0,0,0,0,0,0,0,1,0,0,0,0,0,2
841,0,0,0,0,0,0,0,0,0,0,0,0,0,0,0,2
842,0,0,0,0,0,0,0,0,0,0,0,0,0,0,0,2
843,0,0,0,0,0,0,0,0,0,0,0,0,0,0,0,1
844,0,0,0,1,0,1,0,0,0,0,0,0,0,0,0,2
845,0,0,0,0,0,0,0,0,0,0,0,0,0,0,0,2
846,0,0,0,0,0,0,0,0,0,0,0,0,0,0,0,2
847,0,0,0,0,0,0,0,0,0,1,0,0,0,0,0,2
848,0,0,0,0,0,0,0,0,0,0,0,1,0,0,0,3
849,0,0,0,0,0,0,0,0,0,0,1,0,0,0,0,2
850,0,0,0,0,0,1,0,0,0,0,0,0,0,0,0,0
851,0,0,1,0,0,0,0,0,0,0,0,0,0,0,0,1
852,0,0,0,0,0,0,0,0,0,0,0,1,0,0,0,3
853,0,1,0,0,0,0,0,0,0,0,0,0,0,0,0,0
854,0,0,0,0,0,0,0,0,0,0,0,0,0,0,0,2
855,1,0,0,0,0,0,0,0,0,0,0,0,0,0,0,0
856,0,0,0,0,0,0,0,0,0,0,1,0,0,0,0,2
857,0,0,0,0,0,1,0,0,0,0,0,0,0,0,0,0
858,0,0,0,0,0,1,0,0,0,0,0,0,0,0,0,2
859,0,0,0,0,0,0,0,0,0,1,0,1,0,0,0,3
860,0,0,0,0,0,0,0,0,0,0,0,0,0,0,0,1
861,0,0,0,0,0,0,0,0,0,0,0,0,0,0,0,1
862,0,1,0,1,0,0,0,0,0,0,0,0,0,0,0,0
863,0,0,1,0,0,0,0,0,0,0,0,0,0,0,0,1
864,0,0,0,0,1,0,0,0,0,0,0,0,0,0,0,1
865,0,0,0,0,0,0,0,0,1,0,0,0,0,0,0,2
866,0,0,0,0,0,0,0,0,0,0,0,1,1,0,0,3
867,0,0,0,0,0,0,0,0,0,1,0,0,0,0,0,3
868,0,0,0,0,0,0,0,0,0,0,0,0,1,0,0,2
869,0,0,0,0,0,0,0,0,0,0,0,1,0,0,0,3
870,0,0,0,0,0,0,0,0,1,0,0,0,0,0,0,3
871,0,0,0,0,0,0,0,0,0,1,0,0,0,0,0,3
872,0,0,1,0,0,0,0,0,0,1,0,0,0,0,0,2
873,0,0,0,0,0,1,0,0,0,0,0,0,0,0,0,2
874,0,0,0,0,0,0,0,0,0,0,0,0,0,0,0,3
875,0,0,0,0,0,0,0,0,0,0,0,1,1,0,0,3
876,0,0,0,0,0,0,0,0,0,1,0,0,0,0,1,3
877,0,0,0,0,0,0,0,0,0,0,0,1,0,0,0,3
878,0,0,0,0,0,0,0,0,0,0,0,0,0,0,0,3
879,0,0,0,0,0,1,0,0,0,0,0,0,0,0,0,0
880,0,1,0,0,0,0,0,0,0,0,0,0,0,0,0,0
881,0,0,0,0,0,0,0,0,0,0,0,0,0,0,0,1
882,0,0,0,0,0,0,0,0,1,0,0,1,1,0,0,3
883,0,0,0,0,0,0,0,0,0,0,0,0,1,0,0,2
884,0,0,0,0,0,0,0,0,0,0,0,1,0,0,0,3
885,0,0,0,0,0,1,0,0,0,0,0,0,0,0,0,0
886,0,0,0,0,0,0,0,0,0,0,0,0,0,0,0,3
887,0,0,0,0,0,0,0,0,0,0,1,0,0,0,0,2
888,0,0,0,0,0,0,0,0,0,0,0,0,0,1,0,2
889,0,0,0,0,1,0,0,0,0,0,0,0,0,0,0,1
890,0,0,0,0,0,0,0,0,0,0,0,0,0,0,0,1
891,0,0,0,0,0,0,1,0,1,0,0,1,0,0,0,3
892,0,0,0,0,0,0,0,0,1,0,1,0,0,0,0,3
893,0,1,0,0,0,0,0,0,0,0,0,0,0,0,0,0
894,0,0,0,0,0,0,0,0,0,0,0,1,0,0,0,3
895,0,0,0,0,0,1,0,0,0,0,0,0,0,0,0,0
896,0,0,0,0,0,1,0,0,0,0,0,0,0,0,0,0
897,0,0,0,0,1,0,0,0,0,0,0,0,0,0,0,1
898,1,0,0,0,0,0,0,0,0,0,0,0,0,0,0,1
899,0,0,0,0,0,1,0,0,0,0,0,0,0,0,0,0
900,0,0,0,0,0,0,0,0,0,0,0,0,0,0,0,1
901,0,0,0,0,0,0,0,0,0,0,0,1,0,0,0,3
902,0,0,0,0,0,0,0,0,0,0,0,1,0,0,0,3
903,0,0,0,0,0,1,0,0,0,0,0,0,0,0,0,0
904,0,0,0,0,0,0,0,0,0,0,0,0,0,0,0,3
905,0,0,0,0,0,0,0,0,0,0,0,1,0,0,0,3
906,0,1,0,0,0,0,0,0,0,0,0,0,0,0,0,0
907,0,0,0,0,0,0,0,0,0,0,0,0,0,0,0,1
908,0,0,0,0,0,1,0,0,0,0,0,0,0,0,0,0
909,0,0,0,0,0,0,0,0,0,0,0,0,0,0,0,2
910,0,0,0,0,0,1,0,0,0,0,0,0,0,0,0,0
911,0,0,0,0,0,0,0,0,0,0,0,0,0,0,0,2
912,0,0,0,0,0,0,0,0,1,0,0,0,0,0,0,3
913,0,0,0,0,0,1,0,0,0,0,0,0,0,0,0,0
914,0,0,0,0,0,0,0,0,0,0,0,0,0,0,0,2
915,0,0,0,0,0,0,0,0,0,0,0,0,1,0,0,2
916,0,0,0,0,0,0,0,0,0,0,0,0,0,0,0,2
917,0,0,0,0,1,0,0,0,0,0,0,0,0,0,0,1
918,0,0,0,0,0,0,0,0,0,0,0,0,0,0,0,2
919,0,0,0,1,0,0,0,0,0,0,0,0,0,0,0,2
920,0,0,0,0,0,0,0,0,0,0,0,1,0,0,0,3
921,0,0,0,0,0,0,0,0,0,0,0,0,0,0,0,1
922,0,0,0,0,0,1,0,0,0,0,0,0,0,0,0,0
923,0,0,0,0,0,0,0,0,0,0,1,0,0,0,0,2
924,0,0,0,0,0,0,0,0,0,0,0,1,0,0,0,3
925,1,0,0,0,0,0,0,0,0,0,0,0,0,0,0,0
926,0,0,0,0,0,1,0,0,0,0,0,0,0,0,0,0
927,0,0,0,0,0,0,0,0,0,0,0,0,0,0,0,0
928,1,0,0,0,0,0,0,0,0,0,0,0,0,0,0,2
929,0,0,0,0,0,0,0,0,0,0,0,0,0,0,0,3
930,0,0,0,1,0,0,0,0,0,0,0,0,0,0,0,2
931,0,0,0,0,0,0,0,0,0,0,0,0,0,0,0,1
932,0,0,0,0,0,1,0,0,0,0,0,0,0,0,0,0
933,0,0,0,0,0,0,0,0,0,0,0,0,0,0,0,2
934,0,0,0,0,0,0,0,0,0,0,0,0,1,0,0,2
935,0,0,0,0,0,0,0,0,0,0,1,1,0,0,0,3
936,0,0,0,0,0,0,0,0,0,0,0,0,1,0,0,1
937,0,0,0,0,0,0,0,0,0,0,0,0,0,0,0,2
938,0,0,0,0,0,0,0,0,0,0,1,0,0,0,0,2
939,0,0,0,0,0,0,0,0,0,0,0,0,0,0,0,1
940,0,0,0,0,0,0,0,0,0,1,0,1,0,0,0,3
941,0,0,0,0,0,0,0,0,0,0,0,0,0,0,0,1
942,0,0,0,1,0,0,0,0,0,0,0,0,0,0,0,1
943,0,0,0,0,0,0,0,0,0,0,0,0,0,0,0,3
944,0,0,0,0,0,0,0,0,0,1,1,0,0,0,0,3
945,0,0,0,0,0,0,0,0,0,0,0,0,0,0,0,2
946,0,0,0,0,0,0,0,0,1,0,0,0,0,0,0,2
947,0,0,0,0,0,0,0,0,0,0,1,0,0,0,0,3
948,0,0,0,0,0,1,0,0,0,0,0,0,0,0,0,0
949,0,0,0,0,0,0,0,0,0,0,0,0,0,0,0,2
950,0,0,0,0,0,0,0,0,1,0,0,1,0,0,0,3
951,0,0,0,0,0,0,0,0,0,0,0,1,0,0,0,3
952,0,0,0,0,0,0,0,0,0,0,0,0,0,0,0,1
953,0,0,0,1,0,0,0,0,0,1,0,0,0,0,0,2
954,0,0,0,0,0,0,0,0,0,0,0,0,0,0,0,2
955,0,0,0,0,0,0,0,0,0,0,0,0,0,0,0,2
956,0,0,1,0,0,0,0,0,0,0,0,0,0,0,0,0
957,0,0,0,0,0,0,0,0,0,0,0,1,0,0,0,3
958,0,0,0,0,0,0,0,0,0,0,0,0,0,0,0,1
959,0,0,0,1,0,0,0,0,0,0,0,0,0,0,0,2
960,0,0,0,0,0,0,0,0,1,0,0,1,0,0,0,3
961,0,0,0,0,0,0,0,0,0,0,0,1,0,0,0,3
962,0,0,0,0,0,0,0,0,0,0,0,0,0,0,1,2
963,0,0,1,0,0,0,0,0,0,0,0,0,0,0,0,0
964,0,0,0,0,0,0,0,0,0,0,0,0,0,0,0,1
965,0,0,0,0,1,0,0,0,0,0,0,0,0,0,0,1
966,0,0,0,0,0,1,0,0,0,0,0,0,0,0,0,0
967,0,1,0,1,0,0,0,0,0,0,0,0,0,0,0,1
968,0,0,0,0,0,0,0,0,0,0,0,0,0,0,0,2
969,0,0,0,0,0,1,0,0,0,0,0,0,0,0,0,0
970,0,1,0,0,0,0,0,0,0,0,0,0,0,0,0,0
971,0,0,0,0,0,0,0,0,0,0,0,0,0,0,0,1
972,0,0,0,0,0,1,0,0,0,0,0,0,0,0,0,0
973,0,0,0,0,0,0,0,0,0,0,0,0,0,0,0,2
974,0,0,1,0,0,0,0,0,0,0,0,0,1,0,0,2
975,0,0,0,0,0,0,0,0,0,0,1,0,0,0,0,2
976,0,0,0,0,0,0,0,0,0,0,0,0,1,0,0,2
977,0,0,0,0,0,0,0,0,0,0,0,0,0,0,0,3
978,0,0,0,1,0,0,0,0,0,0,0,0,1,0,0,2
979,0,0,0,0,0,0,0,0,0,0,0,0,0,0,0,1
980,0,0,0,0,0,1,0,0,0,0,0,0,0,0,0,0
981,0,0,0,0,0,0,0,0,0,0,0,0,1,0,0,2
982,0,0,0,0,0,0,0,0,0,0,0,0,1,0,0,2
983,0,0,0,0,0,1,0,0,0,0,0,0,0,0,0,0
984,0,0,0,1,0,0,0,0,0,0,0,0,0,0,0,1
985,0,0,0,0,1,0,0,0,0,0,0,0,1,1,0,2
986,0,0,0,0,0,0,0,0,0,0,0,0,0,0,0,1
987,0,0,0,1,0,0,0,0,0,0,0,0,0,0,0,1
988,0,0,1,0,0,0,0,0,0,0,0,0,0,0,0,1
989,0,0,0,0,0,0,0,0,0,0,0,0,0,0,0,3
990,0,0,0,0,0,0,0,0,0,0,0,0,0,0,0,1
991,0,0,0,0,0,1,0,0,0,0,0,0,0,0,0,0
992,0,0,0,0,0,0,0,0,0,0,0,0,0,0,0,2
993,0,0,0,0,0,0,0,0,0,0,0,0,0,0,0,1
994,0,0,0,0,0,0,0,0,0,0,0,0,0,0,0,2
995,0,0,0,0,0,0,0,0,0,0,0,0,0,0,0,3
996,0,0,0,0,0,0,0,0,0,0,0,0,0,0,0,2
997,0,0,0,0,0,0,0,0,0,0,0,0,0,0,0,1
998,0,0,0,0,0,1,0,0,0,0,0,0,0,0,0,0
999,0,0,0,0,0,0,0,0,0,0,0,0,0,0,0,3
1000,0,0,0,0,0,1,0,0,0,0,0,0,0,0,0,0
1001,0,0,0,0,0,0,0,0,0,0,0,0,0,0,0,1
1002,0,0,0,1,0,0,0,0,0,0,1,0,0,0,0,2
1003,0,0,0,0,0,1,0,0,0,0,0,0,0,0,0,1
1004,0,0,0,0,1,0,0,0,0,0,0,0,0,0,0,1
1005,0,0,0,0,0,1,0,0,0,0,0,0,0,0,0,0
1006,0,0,0,0,0,0,0,0,0,0,0,0,0,0,0,2
1007,0,0,0,0,0,0,0,0,0,0,0,0,0,0,0,2
1008,0,0,0,0,0,0,0,0,0,0,0,0,0,0,0,2
1009,0,0,0,0,0,0,0,0,0,0,0,0,0,0,0,1
1010,0,0,0,0,0,0,0,0,0,0,0,0,0,0,0,1
1011,0,0,0,0,0,0,0,0,0,0,0,0,0,1,0,2
1012,0,1,0,0,0,0,0,0,0,0,0,0,0,0,0,0
1013,0,0,0,0,0,0,0,0,0,0,0,0,1,0,0,1
1014,0,0,0,0,0,0,0,0,0,0,0,0,0,0,0,1
1015,0,0,0,0,0,0,0,0,0,0,1,0,0,0,0,2
1016,0,0,0,0,0,0,0,0,0,0,1,0,0,0,0,3
1017,0,0,0,0,0,0,0,0,1,0,0,0,1,0,0,2
1018,0,0,0,0,0,0,0,0,0,0,0,0,0,0,0,1
1019,0,0,0,0,0,0,0,0,0,0,0,0,0,0,0,2
1020,0,0,0,0,0,0,0,0,1,0,0,0,0,0,0,2
1021,0,0,0,0,0,0,0,0,0,0,0,0,0,0,0,1
1022,0,0,0,0,0,1,0,0,0,0,0,0,0,0,0,0
1023,0,0,0,0,0,0,0,0,0,0,1,0,0,0,0,2
1024,0,0,0,0,0,0,0,0,0,0,0,0,0,0,0,2
1025,0,0,0,0,0,1,0,0,0,0,0,0,0,0,0,0
1026,0,0,0,0,0,1,0,0,0,0,0,0,0,0,0,0
1027,0,0,0,0,0,0,0,0,0,0,0,1,0,0,0,3
1028,0,0,0,0,0,0,0,0,0,0,0,0,0,0,0,3
1029,0,0,0,0,0,0,0,0,0,0,0,1,0,0,0,3
1030,0,0,0,0,0,0,0,0,0,0,0,0,1,0,0,2
1031,0,0,0,1,0,0,0,0,1,0,0,0,1,0,0,2
1032,0,0,1,0,0,0,0,0,0,0,0,0,0,0,0,1
1033,0,0,0,0,0,0,0,0,1,0,1,1,0,0,0,3
1034,0,0,0,0,0,0,0,0,0,0,0,0,1,0,0,2
1035,0,0,0,0,0,0,0,0,0,0,0,0,0,0,0,2
1036,0,0,0,0,0,0,0,0,0,0,1,1,0,0,0,3
1037,0,0,0,0,0,0,0,0,0,0,0,0,0,0,0,2
1038,0,0,0,0,0,0,0,0,0,0,0,0,0,0,0,2
1039,0,0,0,0,0,0,0,0,0,0,0,0,0,0,0,1
1040,0,0,0,0,0,0,0,0,0,0,0,0,0,0,0,2
1041,0,0,0,0,0,0,0,0,0,0,0,0,0,0,0,1
1042,0,1,0,0,0,0,0,0,0,0,0,0,0,0,0,1
1043,0,0,0,0,0,1,0,0,0,0,0,0,0,0,0,0
1044,0,0,0,0,1,0,0,0,0,0,0,0,0,0,0,2
1045,0,0,0,0,0,0,0,0,0,0,1,0,0,0,0,2
1046,0,0,0,0,0,0,0,0,0,0,0,0,0,0,0,2
1047,0,0,0,0,0,0,0,0,0,0,0,0,0,0,0,1
1048,0,0,0,0,0,0,0,0,0,0,0,0,1,0,0,2
1049,0,0,0,1,0,0,0,0,0,0,0,0,0,0,0,0
1050,0,0,0,1,0,0,0,0,0,0,0,0,0,0,0,1
1051,0,0,0,0,0,0,0,0,0,0,0,0,0,0,0,1
1052,0,0,0,0,0,0,0,0,0,0,0,0,0,0,1,2
1053,0,0,1,0,0,0,0,0,0,0,0,0,0,0,0,1
1054,0,0,0,0,0,1,0,0,0,0,0,0,0,0,0,0
1055,0,0,0,0,0,1,0,0,0,0,0,0,0,0,0,0
1056,0,0,0,1,0,0,0,0,0,0,0,0,0,0,0,2
1057,0,0,0,1,0,0,0,0,0,0,0,0,1,0,0,2
1058,0,0,0,0,0,0,0,0,0,0,0,1,0,0,0,3
1059,0,0,0,0,0,0,0,0,0,0,1,0,0,0,0,2
1060,0,0,0,0,0,0,0,0,0,0,0,0,0,0,0,3
1061,0,0,0,0,0,0,0,0,0,0,0,0,0,0,0,3
1062,0,0,0,1,0,0,0,0,0,0,0,0,0,0,0,1
1063,0,0,0,0,0,1,0,0,0,0,0,0,1,0,0,2
1064,0,0,0,0,0,0,0,0,0,0,0,0,0,0,0,1
1065,0,0,1,0,0,0,0,0,0,0,0,0,0,0,0,0
1066,0,0,0,0,0,0,0,0,0,0,0,0,0,0,0,1
1067,0,0,0,0,0,0,0,0,0,0,0,0,0,0,0,1
1068,0,0,0,0,0,0,0,0,0,0,0,0,0,1,0,2
1069,0,0,0,0,0,0,0,0,0,0,0,1,0,0,0,3
1070,0,0,0,0,0,0,0,0,0,0,0,0,0,0,0,2
1071,0,0,0,0,0,0,0,0,0,0,0,1,1,0,0,3
1072,0,0,0,1,0,0,0,0,0,0,0,0,0,0,0,2
1073,0,0,1,0,0,0,0,0,0,0,0,0,0,0,0,0
1074,0,0,0,0,0,0,0,0,0,0,0,0,0,0,0,2
1075,0,0,0,0,0,0,0,0,0,0,0,0,0,0,0,1
1076,0,0,0,0,0,1,0,0,0,0,0,0,0,0,0,0
1077,0,0,0,0,0,0,0,0,0,0,0,0,0,0,0,1
1078,0,0,0,0,0,1,0,0,0,0,0,0,0,0,0,0
1079,0,0,0,0,0,0,0,0,0,0,0,0,0,0,0,1
1080,0,0,0,0,0,0,0,0,0,0,0,0,0,0,0,2
1081,0,0,0,0,0,0,0,0,0,0,0,0,0,0,0,1
1082,0,0,0,0,0,1,0,0,0,0,0,0,0,0,0,0
1083,0,0,0,0,0,0,0,0,0,0,0,0,0,0,0,3
1084,0,0,0,0,0,0,0,0,0,0,0,0,0,0,0,2
1085,0,0,1,0,0,0,0,0,0,0,0,0,0,0,0,0
1086,1,0,0,0,0,0,0,0,0,0,0,0,0,0,0,0
1087,0,0,0,0,0,0,0,0,0,0,0,0,0,0,0,2
1088,0,0,0,0,0,0,0,0,0,0,0,1,1,0,0,3
1089,0,0,0,0,0,0,0,0,0,0,0,0,1,0,0,1
1090,0,0,0,0,0,0,0,0,0,0,0,0,0,0,0,3
1091,0,0,1,0,0,0,0,0,0,0,0,0,0,0,0,0
1092,0,0,0,0,0,1,0,0,0,0,0,0,0,0,0,2
1093,0,0,0,0,0,1,0,0,0,0,0,0,0,0,0,0
1094,0,0,0,0,0,0,0,0,0,0,0,1,0,0,0,2
1095,0,0,0,0,0,0,1,0,0,0,0,0,0,0,0,1
1096,0,0,0,0,0,1,0,0,0,0,0,0,0,0,0,0
1097,0,0,0,0,0,0,0,0,0,0,1,0,0,0,0,2
1098,0,0,0,0,0,0,0,0,0,1,1,0,0,0,0,3
1099,0,0,0,0,0,0,0,0,0,0,0,0,1,0,0,2
1100,0,0,0,0,0,0,1,0,0,0,0,0,0,0,0,2
1101,0,0,0,0,0,0,0,0,0,0,0,0,0,0,0,1
1102,1,0,0,0,0,0,0,0,0,0,0,0,0,0,0,0
1103,0,0,0,0,0,0,0,0,0,0,0,0,0,0,0,2
1104,0,0,0,0,0,1,0,0,0,0,0,0,0,0,0,0
1105,0,0,0,0,0,0,0,0,0,0,1,1,0,0,0,3
1106,0,0,0,0,0,0,0,0,0,0,0,0,0,0,0,2
1107,0,0,0,0,0,0,0,0,0,0,0,0,1,0,0,2
1108,0,0,0,0,0,0,0,0,0,0,1,0,0,0,0,3
1109,0,0,0,0,0,0,0,0,0,0,0,0,0,0,0,1
1110,0,0,0,1,0,0,0,0,0,0,0,0,0,0,0,1
1111,0,0,0,0,0,0,0,0,0,0,0,0,0,0,0,2
1112,0,0,0,0,0,0,0,0,0,0,0,0,0,0,1,2
1113,0,0,0,0,0,0,0,0,0,0,0,0,0,0,0,1
1114,0,0,0,0,0,1,0,0,0,0,0,0,0,0,0,0
1115,0,0,0,0,0,1,0,0,0,0,0,0,0,0,0,0
1116,0,0,0,0,0,0,0,0,0,0,0,0,0,0,0,2
1117,0,0,0,0,0,1,0,0,0,0,0,0,0,0,0,0
1118,0,0,0,0,0,0,0,0,0,0,0,0,0,0,0,1
1119,0,0,0,0,0,0,0,0,0,0,0,0,0,0,0,1
1120,0,0,0,0,0,1,0,0,0,0,0,0,0,0,0,0
1121,0,0,0,0,0,0,0,0,0,0,0,0,0,0,0,3
1122,0,0,0,0,0,0,0,0,0,0,0,0,0,0,0,1
1123,0,0,0,0,0,0,0,0,0,0,0,0,1,0,0,1
1124,0,0,0,0,0,0,0,0,0,0,0,0,1,0,0,3
1125,0,0,0,0,0,0,0,0,0,0,0,0,1,0,0,2
1126,0,0,0,0,0,1,0,0,0,0,0,0,0,0,0,2
1127,0,0,0,0,0,0,0,0,0,0,0,0,0,0,0,2
1128,0,0,0,0,0,0,0,0,0,0,0,0,0,0,0,2
1129,0,0,0,0,0,0,0,0,0,0,0,1,0,0,0,2
1130,0,0,0,0,0,0,0,0,0,0,0,0,0,0,0,2
1131,0,0,0,0,0,1,0,0,0,0,0,0,0,0,0,0
1132,0,1,0,0,0,0,0,0,0,0,0,0,0,0,0,0
1133,0,0,0,0,0,0,0,0,0,0,0,0,0,0,0,1
1134,0,0,0,0,0,1,0,0,0,0,0,0,0,0,0,2
1135,0,0,0,0,0,1,0,0,0,0,0,0,0,0,0,2
1136,0,0,0,0,0,0,0,0,0,0,0,0,0,0,0,1
1137,0,0,0,0,0,0,0,0,0,0,0,0,0,0,0,2
1138,0,0,0,0,0,0,0,0,0,0,0,0,1,0,0,2
1139,0,0,0,0,0,0,0,0,0,0,0,1,0,0,0,3
1140,0,0,0,0,0,0,0,0,0,0,0,0,0,0,0,2
1141,0,0,0,0,0,0,0,0,0,0,0,0,1,0,0,2
1142,0,1,0,0,0,0,0,0,0,0,0,0,0,0,0,0
1143,0,0,0,0,0,0,0,0,0,0,0,0,0,0,0,2
1144,0,0,0,0,0,0,0,0,0,0,1,1,0,0,0,3
1145,0,1,0,0,0,0,0,0,0,0,0,0,0,0,0,0
1146,0,0,0,0,0,0,0,0,0,0,0,0,0,0,0,1
1147,0,0,0,1,0,0,0,0,0,0,0,0,0,0,0,1
1148,0,0,0,0,0,0,0,0,0,0,0,0,0,0,0,3
1149,0,1,0,0,0,0,0,0,0,0,0,0,0,0,0,0
1150,0,0,0,0,0,0,0,0,0,0,0,0,0,0,0,1
1151,0,0,0,0,0,1,0,0,0,0,0,0,0,0,0,0
1152,0,0,0,0,0,0,0,0,0,0,0,0,0,0,0,2
1153,0,0,0,0,0,0,0,0,0,0,0,0,0,0,0,2
1154,0,0,0,0,0,0,0,0,0,0,0,0,0,0,0,2
1155,0,0,0,0,0,0,0,0,0,0,0,1,0,0,0,3
1156,0,0,0,0,0,1,0,0,0,0,0,0,0,0,0,0
1157,0,0,0,1,0,0,0,0,0,0,0,0,0,0,0,2
1158,0,0,0,0,0,1,0,0,0,0,0,0,0,0,0,0
1159,0,0,0,0,0,0,0,0,0,0,1,0,0,0,0,2
1160,0,0,0,0,0,1,0,0,0,0,0,0,0,0,0,0
1161,0,0,0,0,0,0,0,0,0,0,0,0,0,0,0,3
1162,0,0,0,0,0,0,0,0,0,0,0,0,0,0,0,1
1163,0,0,0,0,0,0,0,0,0,0,0,0,0,0,0,1
1164,0,0,0,0,0,0,0,0,1,0,0,0,0,0,0,2
1165,0,0,0,0,0,0,0,0,0,0,0,1,1,0,0,3
1166,0,0,0,0,0,0,0,0,0,0,0,0,1,0,0,2
1167,0,0,0,0,0,0,0,0,0,0,0,0,0,0,0,1
1168,0,0,0,0,0,0,0,0,0,0,0,0,0,0,0,2
1169,0,0,1,0,0,0,0,0,0,0,0,0,0,0,0,1
1170,0,0,0,0,0,0,0,0,0,0,0,0,0,0,0,1
1171,0,0,0,0,0,1,0,0,0,0,0,0,0,0,0,0
1172,0,0,0,0,1,0,0,0,0,0,1,0,0,0,0,2
1173,0,0,0,0,0,0,0,0,0,0,0,0,1,0,0,2
1174,0,0,0,0,0,0,0,0,0,0,0,0,0,0,0,2
1175,0,0,0,0,0,0,0,0,0,0,0,0,0,0,0,0
1176,0,0,0,0,0,0,0,0,0,0,0,0,0,0,0,1
1177,0,0,0,0,0,0,0,0,0,0,1,0,0,0,0,2
1178,0,0,0,0,0,1,0,0,0,0,0,0,0,0,0,0
1179,0,0,0,1,0,0,0,0,0,0,0,0,0,0,0,2
1180,0,1,0,0,0,0,0,0,0,0,0,0,0,0,0,0
1181,0,0,0,0,0,0,0,0,0,0,0,0,0,0,0,1
1182,0,0,0,0,0,1,0,0,0,0,0,0,0,0,0,0
1183,0,0,0,0,0,0,0,0,0,0,0,0,1,0,0,1
1184,0,0,0,0,0,0,0,0,0,0,0,0,0,1,0,1
1185,0,0,0,0,0,0,0,0,0,0,0,1,0,0,0,3
1186,0,0,0,0,0,1,0,0,0,0,0,0,0,0,0,0
1187,0,0,0,0,0,0,0,1,0,0,0,0,0,0,0,3
1188,0,0,0,1,0,0,0,0,0,0,0,0,0,0,0,2
1189,0,0,0,0,0,1,0,0,0,0,0,0,0,0,0,0
1190,0,0,0,0,0,0,0,0,0,0,0,0,0,0,0,3
1191,0,0,0,1,0,1,0,0,0,0,0,0,1,0,0,2
1192,0,0,0,0,0,1,0,0,0,0,0,0,0,0,0,1
1193,0,0,0,0,0,0,0,0,0,0,0,0,1,0,0,2
1194,0,0,0,0,0,1,0,0,0,0,0,0,0,0,0,0
1195,0,0,0,0,0,0,0,0,0,0,0,0,0,0,0,1
1196,0,0,0,0,0,1,0,0,0,0,0,0,0,0,0,0
1197,0,1,0,0,0,0,0,0,0,0,0,0,0,0,0,1
1198,0,0,0,0,0,0,0,0,0,0,0,0,0,0,0,3
1199,0,0,0,1,0,0,0,0,0,0,0,0,1,0,0,2
1200,0,0,0,0,0,0,0,0,0,0,0,0,0,0,0,3
1201,0,1,0,0,0,0,0,0,0,0,0,0,0,0,0,0
1202,0,0,0,0,0,1,0,0,0,0,0,0,0,0,0,0
1203,0,0,0,0,0,0,0,0,0,0,0,0,0,0,0,3
1204,0,0,0,0,0,0,0,0,0,0,0,0,1,0,0,2
1205,0,0,0,0,0,0,0,0,0,0,1,0,0,0,0,2
1206,0,0,0,0,0,0,0,0,0,0,1,0,0,0,0,2
1207,0,0,0,0,0,0,0,0,0,0,0,0,0,0,0,1
1208,0,0,0,0,0,0,0,0,0,0,0,0,0,0,1,1
1209,0,0,0,0,0,0,0,0,1,0,0,0,0,0,0,3
1210,0,0,0,0,0,0,0,0,0,0,0,0,0,0,0,1
1211,0,0,0,0,0,0,0,0,0,0,0,0,0,0,0,1
1212,0,0,0,0,0,0,0,0,0,0,0,0,0,0,0,2
1213,0,0,0,0,0,0,0,0,0,0,0,0,0,0,0,2
1214,0,0,0,0,0,0,0,0,0,0,0,0,0,0,0,1
1215,0,0,0,0,0,0,0,0,0,0,0,0,0,0,0,2
1216,0,0,0,0,0,0,0,0,0,0,0,0,0,0,0,2
1217,0,0,0,0,0,0,0,0,0,0,0,0,0,0,0,1
1218,0,0,0,0,0,0,0,0,0,0,0,0,0,0,0,2
1219,0,0,0,1,0,0,0,1,0,0,0,0,0,0,0,2
1220,0,1,0,0,0,0,0,0,0,0,0,0,0,0,0,0
1221,0,0,0,0,0,0,0,0,0,0,0,0,0,0,0,2
1222,0,0,0,1,0,0,0,0,0,0,0,0,0,0,0,2
1223,1,0,0,0,0,0,0,0,0,0,0,0,0,0,0,0
1224,0,0,0,0,0,1,0,0,0,0,0,0,0,1,0,2
1225,0,1,0,0,0,0,0,0,0,0,0,0,0,0,0,0
1226,0,0,0,0,0,0,1,0,0,0,0,1,0,0,0,3
1227,0,0,0,0,0,1,0,0,0,0,0,0,0,0,0,0
1228,0,0,0,0,0,0,0,0,0,0,0,0,0,0,0,0
1229,0,0,0,0,0,1,0,0,0,0,0,0,0,0,0,0
1230,0,0,0,0,0,0,0,0,0,0,0,0,0,0,0,3
1231,0,0,0,0,0,0,0,0,0,0,1,0,0,0,0,3
1232,0,0,0,0,0,0,0,0,0,0,0,0,0,0,0,2
1233,0,0,0,0,0,0,0,0,0,0,0,0,0,0,0,3
1234,0,0,0,0,1,0,0,0,0,0,0,0,0,0,0,1
1235,0,0,0,0,0,0,0,0,0,0,0,0,0,0,0,1
1236,0,0,0,0,0,0,0,0,0,0,0,0,0,0,0,2
1237,0,0,0,0,0,0,0,0,0,0,0,0,0,0,0,1
1238,0,1,0,0,0,0,0,0,0,0,0,0,0,0,0,0
1239,0,0,0,0,0,0,0,0,0,0,0,0,1,0,0,2
1240,0,1,0,0,0,0,0,0,0,0,0,0,0,0,0,0
1241,0,0,0,0,0,0,0,0,0,0,0,0,0,0,0,2
1242,0,0,0,0,0,0,0,0,0,0,0,0,0,0,0,2
1243,0,0,0,0,0,0,0,0,0,0,0,0,0,0,0,2
1244,0,0,0,0,0,1,0,0,0,0,0,0,0,0,0,1
1245,0,1,0,0,0,0,0,0,0,0,0,0,0,0,0,0
1246,0,0,0,0,1,0,0,0,0,0,0,0,0,0,1,1
1247,1,0,0,0,0,0,0,0,0,0,0,0,0,0,0,0
1248,1,0,0,0,0,0,0,0,0,0,1,0,1,0,0,2
1249,0,0,0,0,0,0,0,0,0,0,0,0,1,0,0,1
1250,0,0,0,1,0,0,0,0,0,0,0,0,0,0,0,2
1251,0,0,0,0,0,0,0,1,0,1,0,1,0,0,0,3
1252,0,0,0,0,0,0,0,0,0,0,0,0,0,0,0,1
1253,0,0,0,0,0,0,0,0,0,1,0,0,0,0,0,3
1254,0,0,0,0,0,0,0,0,0,0,0,0,1,0,0,2
1255,0,0,0,0,0,0,0,0,0,0,0,0,0,0,0,2
1256,0,1,0,0,0,0,0,0,0,0,0,0,0,0,0,0
1257,0,0,0,0,0,0,0,0,0,0,0,0,0,0,0,1
1258,0,0,0,0,0,1,0,0,0,0,0,0,0,0,0,0
1259,0,0,0,0,0,0,0,0,0,0,0,0,0,0,0,2
1260,0,0,0,0,0,0,0,0,0,0,0,0,0,1,0,1
1261,0,0,0,0,0,0,0,0,0,0,0,0,0,0,0,1
1262,0,0,0,0,0,0,0,0,0,0,0,0,1,0,0,2
1263,0,0,0,0,0,0,0,0,0,0,0,0,0,0,0,2
1264,0,0,1,0,0,0,0,0,0,0,0,0,1,0,0,2
1266,0,0,0,0,0,0,0,0,0,0,0,0,0,0,0,2
1267,0,0,1,0,0,0,0,0,0,0,0,0,0,1,0,2
1268,0,0,0,0,0,0,0,0,0,0,0,1,0,0,0,3
1269,0,0,0,0,0,1,0,0,0,0,0,0,0,0,0,0
1270,0,0,0,0,0,0,0,0,0,0,0,0,0,0,0,2
1271,0,0,0,0,0,0,0,0,0,0,0,0,0,0,0,1
1272,0,0,0,0,1,0,0,0,0,0,0,0,0,0,0,2
1273,0,1,0,0,0,0,0,0,0,0,0,0,0,0,0,0
1274,0,0,0,1,0,0,0,0,0,0,0,0,0,0,0,2
1275,0,0,0,0,0,0,0,0,0,0,1,0,0,0,0,1
1276,0,0,0,0,0,0,0,1,0,1,0,1,0,0,0,3
1277,0,0,0,0,0,0,0,0,0,0,0,0,0,0,0,1
1278,0,0,0,0,0,1,0,0,0,0,0,0,0,0,0,0
1279,0,0,0,0,0,0,0,0,0,0,0,0,0,0,0,2
1280,0,0,0,1,0,0,0,0,0,0,0,0,1,0,0,2
1281,0,0,0,0,0,0,0,0,0,0,0,0,0,0,0,1
1282,0,0,0,0,0,0,0,0,0,0,0,0,0,0,0,2
1283,0,0,0,0,0,0,0,0,0,0,0,0,0,0,0,2
1284,0,0,0,0,0,0,0,0,0,0,0,0,1,0,0,2
1285,0,0,0,0,0,0,0,0,0,0,0,0,1,0,0,2
1286,0,0,1,0,0,0,0,0,0,0,0,0,0,0,0,0
1287,0,0,0,0,0,0,0,0,0,0,0,0,0,0,0,1
1288,0,0,0,0,0,1,0,0,0,0,0,0,0,0,0,0
1289,0,0,0,0,0,0,0,0,0,0,1,0,0,0,0,2
1290,0,0,0,0,0,1,0,0,0,0,0,0,0,0,0,0
1291,0,0,0,0,0,0,0,0,0,0,0,0,0,0,0,1
1292,0,0,0,1,0,0,0,0,0,0,0,0,0,0,0,1
1293,0,0,1,0,0,0,0,0,0,0,0,0,0,0,0,0
1294,0,0,0,0,0,0,0,0,0,0,0,0,0,0,0,2
1295,0,0,0,0,0,0,0,0,0,0,0,0,0,0,0,2
1296,0,0,0,1,0,0,0,0,0,0,0,0,0,0,0,1
1297,0,0,0,0,0,0,0,0,0,0,0,0,0,0,0,1
1298,0,0,0,0,0,1,0,0,0,0,0,0,0,0,0,0
1299,0,0,0,0,0,0,0,0,1,0,0,0,1,0,0,2
1300,0,0,0,0,0,0,0,0,0,0,0,0,0,0,0,2
1301,0,0,0,1,0,0,0,0,0,0,0,0,0,1,0,2
1302,0,0,0,0,0,0,0,0,0,0,1,0,0,0,0,3
1303,0,0,0,0,0,1,0,0,0,0,0,0,0,0,0,0
1304,0,0,0,0,0,0,0,0,0,0,0,0,0,0,0,3
1305,0,0,0,0,0,0,0,0,0,0,0,0,0,0,0,1
1306,0,0,0,0,0,0,0,0,0,0,1,1,0,0,0,3
1307,0,0,0,0,0,0,0,0,0,0,0,0,1,0,0,2
1308,0,0,0,0,0,1,0,0,0,0,0,0,0,0,0,0
1309,0,0,0,0,0,0,0,0,0,0,0,0,0,0,0,2
1310,0,0,0,0,0,1,0,0,0,0,0,0,0,0,0,0
1311,0,0,0,0,0,1,0,0,0,0,0,0,0,0,0,0
1312,0,0,0,0,0,0,0,0,0,0,0,0,0,0,0,1
1313,0,0,0,0,0,0,0,0,0,0,0,0,0,0,0,2
1314,0,0,0,0,0,1,0,0,0,0,0,0,0,0,0,0
1315,0,0,0,0,0,0,1,0,0,0,0,0,0,0,1,3
1316,0,0,0,0,0,1,0,0,0,0,0,0,0,0,0,0
1317,0,0,0,0,0,0,0,0,0,0,0,0,0,0,0,2
1318,0,1,0,0,0,0,0,0,0,0,0,0,0,0,0,0
1319,0,1,0,0,0,0,0,0,0,0,0,0,0,0,0,0
1320,0,0,0,0,1,0,0,0,0,0,0,0,0,0,0,1
1321,0,0,0,0,0,0,0,0,0,1,0,0,1,0,0,2
1322,0,0,0,0,0,0,0,0,0,0,0,0,0,0,0,2
1323,0,0,0,0,0,0,0,0,0,1,0,1,0,0,0,3
1324,0,0,1,0,0,0,0,0,0,0,0,0,0,0,0,0
1325,0,0,0,0,0,0,0,0,0,0,0,0,0,0,0,1
1326,0,0,0,0,0,0,0,0,0,0,0,0,0,0,0,2
1327,0,0,0,1,0,0,0,0,0,0,0,0,0,0,0,2
1328,0,0,0,0,0,0,0,0,0,0,0,0,0,0,0,2
1329,0,0,0,0,0,0,0,0,0,0,0,0,0,0,0,1
1330,0,0,0,0,0,1,0,0,0,0,0,0,0,0,0,0
1331,0,0,0,0,0,0,0,0,0,0,0,1,0,0,0,3
1332,0,0,0,0,0,0,0,0,0,0,0,0,0,0,0,2
1333,0,0,0,0,0,1,0,0,0,0,0,0,0,0,0,0
1334,0,0,0,0,0,0,0,0,0,0,0,0,0,0,0,2
1335,0,0,0,0,0,0,0,0,0,0,0,0,0,0,0,2
1336,0,0,0,0,0,0,0,0,0,1,1,1,0,0,0,3
1337,0,0,0,0,0,0,0,0,0,1,0,0,0,0,0,3
1338,0,0,0,0,0,0,0,0,1,1,0,0,0,0,0,3
1339,0,0,0,0,0,1,0,0,0,0,0,0,0,0,0,0
1340,0,0,0,0,0,1,0,0,0,0,0,0,0,0,0,0
1341,0,0,0,0,0,0,0,0,1,0,0,0,1,0,0,2
1342,0,0,0,0,0,0,0,0,0,0,1,1,0,0,0,3
1343,0,0,0,0,0,1,0,0,0,0,0,0,0,0,0,2
1344,0,0,0,0,1,0,0,0,0,0,0,0,0,0,0,2
1345,0,0,0,0,0,0,0,0,0,1,1,0,0,0,0,2
1346,0,0,0,0,1,0,0,0,0,0,0,0,0,0,0,2
1347,0,0,0,0,0,0,0,0,0,0,0,1,1,0,0,3
1348,0,0,0,0,0,1,0,0,0,0,0,0,0,0,0,0
1349,0,0,1,0,0,0,0,0,0,0,0,0,0,0,0,0
1350,0,0,0,0,0,1,0,0,0,0,0,0,0,0,0,0
1351,0,0,0,0,0,0,0,0,0,0,0,0,0,0,0,1
1352,0,0,0,0,0,0,0,0,0,0,0,0,0,0,0,1
1353,0,0,0,0,0,0,0,0,0,0,0,0,0,0,0,2
1354,0,0,0,0,0,0,0,0,0,0,0,0,1,0,0,2
1355,0,0,0,0,0,0,0,0,0,0,0,0,0,0,0,2
1356,0,0,0,0,1,0,0,0,0,0,0,0,0,0,0,2
1357,0,0,0,0,0,1,0,0,0,0,0,0,0,0,0,0
1358,0,0,0,0,0,0,0,0,0,0,0,0,0,0,0,2
1359,0,0,0,0,0,1,0,0,0,0,0,0,0,0,0,0
1360,0,0,0,0,0,0,0,0,0,0,0,0,0,0,0,1
1361,0,0,0,0,0,0,0,0,0,1,0,1,0,0,0,3
1362,0,0,0,0,0,1,0,0,0,0,0,0,0,0,0,0
1363,0,0,0,0,0,0,0,0,0,0,1,0,0,0,1,3
1364,0,0,0,0,0,0,0,0,0,0,0,0,0,0,0,2
1365,0,0,0,0,0,0,0,0,0,0,0,0,0,0,0,1
1366,0,0,0,0,0,0,0,0,0,0,0,0,0,0,0,2
1367,0,0,0,0,0,0,0,0,0,0,0,0,0,0,0,2
1368,0,0,0,0,0,0,0,0,1,0,0,0,0,0,0,3
1369,0,0,0,0,0,1,0,0,0,0,0,0,0,0,0,0
1370,0,0,0,0,0,0,0,0,1,0,0,0,0,0,0,2
1371,0,0,0,0,0,1,0,0,0,0,0,0,0,0,0,0
1372,1,0,0,0,0,0,0,1,0,0,0,1,0,0,0,2
1373,0,0,0,0,0,0,0,0,0,0,0,0,0,0,0,1
1374,0,0,0,0,0,0,0,0,0,0,0,0,0,0,0,2
1375,0,0,0,0,0,0,0,1,0,0,0,0,0,0,0,2
1376,0,0,0,0,0,0,0,0,0,0,0,0,0,0,1,1
1377,0,0,0,0,0,0,0,0,0,0,0,0,0,0,0,1
1378,0,0,0,0,0,0,0,0,0,0,0,0,0,0,0,2
1379,0,0,0,0,0,0,0,0,0,0,0,0,0,0,0,1
1380,0,0,0,0,0,0,0,0,0,0,0,1,0,0,0,3
1381,0,0,0,0,0,0,0,0,0,0,1,0,0,0,0,2
1382,0,0,0,0,0,0,0,0,0,0,0,0,0,0,0,3
1383,0,1,0,0,0,0,0,0,0,0,0,0,0,0,0,0
1384,0,0,0,0,0,1,0,0,0,0,0,0,0,0,0,0
1385,1,0,0,0,0,0,0,0,1,0,0,0,0,0,0,2
1386,0,0,0,0,0,0,0,0,0,0,0,0,0,0,0,2
1387,0,0,0,0,0,1,0,0,0,0,0,1,0,0,0,3
1388,0,0,0,0,0,0,0,0,0,0,0,0,0,0,0,1
1389,0,0,0,0,0,0,0,0,0,0,0,0,0,0,0,2
1390,0,0,0,0,0,1,0,0,0,0,0,0,0,0,0,0
1391,0,0,0,0,0,0,0,0,0,1,0,0,0,0,0,3
1392,0,0,0,0,0,0,0,0,0,0,0,0,0,0,0,2
1393,0,0,0,0,0,1,0,0,0,0,0,0,0,0,0,0
1394,0,0,0,0,0,1,0,0,0,0,0,0,0,0,0,0
1395,0,0,0,0,0,0,0,0,0,1,0,0,0,0,0,2
1396,0,1,0,0,0,0,0,0,0,0,0,0,0,0,0,0
1397,0,0,0,0,0,0,0,0,0,0,0,0,0,0,0,3
1398,0,0,0,0,0,0,0,0,1,0,0,1,0,0,0,3
1399,0,0,0,0,0,0,0,0,0,0,0,0,1,0,0,2
1400,0,0,0,0,0,1,0,0,0,0,0,0,0,0,0,0
1401,0,0,0,0,0,0,0,0,0,0,0,1,0,0,0,3
1402,0,0,1,0,0,0,0,0,0,0,0,0,0,0,0,1
1403,0,0,0,0,0,0,0,0,0,1,0,1,0,0,0,3
1404,0,0,0,0,0,0,0,0,0,0,0,0,0,0,0,1
1405,0,1,0,0,0,0,0,0,0,0,0,0,0,0,0,0
1406,0,0,0,0,0,0,0,0,0,0,0,0,0,0,1,1
1407,0,0,0,0,0,0,1,0,0,1,0,1,0,0,0,3
1408,0,0,0,0,0,0,0,0,0,1,0,0,0,0,0,2
1409,0,1,0,0,0,0,0,0,0,0,0,0,0,0,0,0
1410,0,0,0,0,0,0,0,0,0,0,0,0,0,0,0,1
1411,0,0,0,0,0,0,0,0,1,0,0,0,0,0,0,2
1412,0,0,0,0,0,0,0,0,0,0,0,0,0,0,0,1
1413,0,0,0,0,0,0,0,0,0,0,0,0,0,0,0,1
1414,0,0,0,0,0,0,0,0,0,0,0,0,1,0,0,2
1415,0,0,0,0,0,0,0,0,0,1,0,1,0,0,0,3
1416,0,0,0,0,0,0,0,0,0,0,0,0,1,0,0,2
1417,0,1,0,0,0,0,0,0,0,0,0,0,0,0,0,1
1418,0,0,0,0,0,0,1,0,0,0,0,0,1,0,0,2
1419,0,1,0,0,0,0,0,0,0,0,0,0,0,0,0,0
1420,0,0,0,0,0,1,0,0,0,0,0,0,0,0,0,2
1421,0,0,0,0,0,0,0,0,0,0,0,0,0,0,0,1
1422,0,0,0,0,0,0,0,0,0,0,0,0,0,0,0,2
1423,0,0,0,0,0,0,0,0,0,0,0,0,1,0,0,3
1424,0,0,0,0,0,0,0,1,0,1,0,1,0,0,0,3
1425,0,0,0,0,0,0,1,0,0,1,0,1,0,0,0,3
1426,0,0,0,0,0,0,0,0,0,0,0,0,0,0,0,3
1427,0,0,0,0,0,0,0,0,0,0,0,0,1,0,0,2
1428,0,0,0,0,0,1,0,0,0,0,0,0,0,0,0,0
1429,0,0,0,0,0,0,0,0,0,0,0,1,0,0,0,3
1430,0,0,0,0,0,0,0,0,0,0,0,0,0,0,0,2
1431,0,0,0,0,0,1,0,0,0,0,0,0,0,0,0,0
1432,0,0,0,0,0,0,0,0,0,0,0,0,0,0,0,1
1433,0,0,0,0,0,0,0,0,0,0,0,0,0,0,0,2
1434,0,0,0,0,0,0,0,0,0,0,0,0,0,0,0,1
1435,0,0,0,0,0,1,0,0,0,0,0,0,0,0,0,0
1436,0,0,0,1,0,0,0,0,0,0,0,0,0,0,0,2
1437,0,0,0,0,0,0,0,0,0,0,0,0,0,0,0,1
1438,0,0,0,0,0,0,0,0,0,0,0,0,0,0,0,1
1439,0,0,0,0,0,1,0,0,0,0,0,0,0,0,0,0
1440,0,0,0,0,0,0,0,0,0,0,0,0,0,0,0,1
1441,0,0,0,0,0,1,0,0,0,0,0,0,0,0,0,0
1442,0,0,0,0,0,0,0,0,0,0,1,0,0,0,0,2
1443,0,0,0,1,0,0,0,0,0,0,0,0,0,0,0,2
1444,0,0,0,0,0,0,0,0,0,0,0,0,0,0,0,3
1445,0,0,0,0,0,1,0,0,0,0,0,0,0,0,0,1
1446,0,0,0,0,0,0,0,0,0,0,0,1,0,1,0,3
1447,0,0,0,0,1,0,0,0,0,0,0,0,0,0,0,1
1448,0,0,0,0,0,0,1,0,0,0,0,1,0,0,0,3
1449,0,1,0,1,0,0,0,0,0,0,0,0,0,0,0,0
1450,0,0,0,0,0,0,0,0,0,0,0,0,0,0,0,1
1451,0,0,0,0,0,0,0,0,0,1,0,1,0,0,0,3
1452,0,0,0,0,0,0,0,0,0,0,0,1,0,0,0,3
1453,0,0,0,0,0,0,0,0,0,0,0,0,0,0,0,2
1454,0,0,0,0,0,0,0,0,0,0,0,0,0,0,0,2
1455,0,0,0,0,0,0,0,0,0,0,0,1,1,0,0,3
1456,0,0,0,0,0,0,0,0,0,0,1,1,0,0,0,3
1457,0,0,0,0,0,0,0,0,0,0,1,1,0,0,0,3
1458,0,0,0,0,0,0,0,0,0,0,1,0,0,0,0,2
1459,0,0,0,0,0,1,0,0,0,0,0,0,0,0,0,0
1460,0,0,0,0,0,0,0,0,0,0,0,0,1,0,0,2
1461,0,0,0,0,0,0,0,0,0,0,0,0,0,0,0,2
1462,0,0,0,0,0,0,0,0,0,0,0,0,0,0,0,2
1463,0,0,0,0,0,0,0,0,0,1,0,0,0,0,0,3
1464,0,0,0,0,0,1,0,0,0,0,0,0,0,0,0,0
1465,0,0,0,0,0,0,0,0,0,0,0,0,0,0,0,2
1466,0,0,0,0,0,0,0,0,0,0,0,0,0,0,0,1
1467,0,0,0,0,0,0,0,0,0,0,0,0,0,0,0,2
1468,0,0,0,0,0,0,0,0,0,0,0,0,1,0,0,2
1469,0,0,0,0,0,0,0,0,0,1,0,0,1,0,0,2
1470,0,0,0,0,0,0,0,0,0,0,0,0,0,0,0,1
1471,0,0,0,0,0,1,0,0,0,0,0,0,0,0,0,0
1472,0,0,0,0,0,0,0,0,0,0,0,0,0,0,0,2
1473,0,0,0,1,0,0,0,0,0,0,0,0,0,0,0,2
1474,0,0,0,0,0,0,0,0,0,0,0,0,0,0,0,2
1475,1,0,0,0,0,0,0,0,0,0,0,0,0,0,0,1
1476,1,0,0,0,0,0,0,0,0,0,0,0,0,0,0,0
1477,0,0,0,1,0,0,0,0,0,1,0,0,1,0,0,2
1478,0,0,0,0,0,1,0,0,0,0,0,0,0,0,0,0
1479,0,0,0,0,0,0,0,0,0,0,0,1,0,0,0,3
1480,0,0,1,0,0,0,0,0,0,0,0,0,0,0,0,0
1481,0,0,0,0,0,0,0,0,0,0,0,0,0,0,0,1
1482,0,0,0,0,0,0,0,0,0,0,0,0,0,0,0,2
1483,0,0,0,0,0,0,0,0,0,0,0,0,0,0,0,2
1484,0,0,0,0,0,0,0,0,0,0,0,0,0,0,0,1
1485,0,0,0,0,0,0,0,0,0,0,0,0,0,0,0,2
1486,0,0,0,0,0,1,0,0,0,0,0,0,0,0,0,0
1487,0,0,0,0,0,0,0,0,0,0,0,0,1,0,0,2
1488,0,0,0,0,0,0,0,0,0,0,0,0,0,0,0,1
1489,0,0,0,0,0,0,0,0,0,0,0,0,0,1,0,2
1490,0,0,0,0,0,0,0,0,0,0,0,0,0,0,0,1
1491,0,0,0,0,0,0,0,0,0,1,0,0,0,0,0,2
1492,0,0,0,0,0,0,0,0,0,0,0,0,0,0,0,2
1493,0,0,0,1,0,0,0,0,0,0,0,0,0,0,0,1
1494,0,0,0,1,0,0,0,0,0,0,0,0,0,0,0,2
1495,0,0,0,0,0,1,0,0,0,0,0,0,0,0,0,0
1496,0,0,0,0,0,1,0,0,0,0,0,0,0,0,0,0
1497,0,0,0,0,0,0,0,0,0,0,0,0,0,0,1,2
1498,0,0,0,0,0,1,0,0,0,0,0,0,0,0,0,0
1499,0,1,0,0,0,0,0,0,0,0,0,0,0,0,0,0
1500,0,0,0,0,0,0,0,0,0,0,0,0,0,0,0,1
1501,0,0,0,0,0,0,0,0,0,0,1,0,0,0,0,2
1502,0,0,0,0,0,0,0,0,1,0,0,0,0,0,0,2
1503,0,0,0,0,0,0,0,0,0,0,0,1,0,0,0,3
1504,0,0,0,0,0,0,0,0,0,0,0,0,0,0,0,2
1505,0,0,0,0,0,1,0,0,0,0,0,0,0,0,0,0
1506,0,0,0,0,0,0,0,0,0,0,0,0,0,0,0,2
1508,0,0,0,0,0,1,0,0,0,0,0,0,0,0,0,0
1509,0,0,0,0,0,0,0,0,0,0,0,0,0,0,0,3
1510,0,0,0,0,0,0,0,0,0,0,0,0,0,0,0,1
1511,0,0,0,0,0,0,0,0,0,1,0,0,0,0,0,2
1512,0,0,0,0,0,0,0,0,0,0,0,0,0,0,0,2
1513,0,0,0,0,0,0,0,0,0,0,0,1,0,0,0,3
1514,0,0,0,0,0,0,0,1,0,0,0,1,0,0,0,3
1515,0,0,0,1,1,0,0,0,0,0,0,0,0,0,0,1
1516,0,0,0,0,0,0,0,0,0,1,0,0,0,0,0,3
1517,0,0,0,0,1,0,0,0,0,0,0,0,0,0,0,2
1518,0,0,0,0,0,0,0,0,0,0,0,0,1,0,0,1
1519,0,1,0,0,0,0,0,0,0,0,0,0,1,0,0,1
1520,0,0,0,0,0,0,0,0,0,0,0,0,0,0,0,3
1521,0,0,0,0,0,0,0,0,0,0,0,0,0,0,0,2
1522,0,0,0,0,0,0,0,0,0,0,0,0,0,0,0,2
1523,0,0,0,0,0,0,0,0,0,0,0,0,0,0,0,1
1524,0,0,0,0,0,0,0,0,0,0,0,0,0,0,0,1
1525,0,0,0,0,0,1,0,0,0,0,0,0,0,0,0,0
1526,0,0,0,0,0,1,0,0,0,0,0,0,0,0,0,0
1527,0,0,0,0,0,0,0,1,0,0,0,0,0,0,0,3
1528,0,1,0,0,0,0,0,0,0,0,0,0,0,0,0,0
1529,0,0,0,0,0,1,0,0,0,0,0,0,0,0,0,0
1530,0,0,0,0,0,0,0,0,0,0,0,0,0,0,0,2
1531,0,0,0,0,0,0,0,0,0,1,1,1,0,0,0,3
1532,0,0,0,0,1,0,0,0,0,0,0,0,0,1,0,2
1533,0,0,0,0,0,0,0,0,0,0,0,0,1,0,0,2
1534,0,0,0,0,0,0,0,0,0,0,0,0,0,0,0,3
1535,0,0,0,0,0,0,0,0,0,0,0,0,0,0,0,3
1536,0,0,0,0,0,0,0,0,0,0,0,0,0,0,0,2
1537,0,0,0,0,0,0,0,0,0,0,0,0,1,0,0,2
1538,0,0,0,0,0,0,0,0,0,0,0,0,0,0,0,1
1539,0,0,0,0,0,0,0,1,0,1,0,0,0,0,0,3
1540,0,0,0,0,1,0,0,0,0,0,0,0,0,0,0,2
1541,0,0,0,0,0,0,0,0,0,0,0,0,0,0,0,2
1542,0,0,0,0,0,0,0,0,0,0,0,0,0,0,0,1
1543,0,0,0,1,0,0,0,0,0,0,0,0,0,0,0,0
1544,0,0,0,0,0,0,0,0,0,0,0,0,0,0,0,2
1545,0,0,0,0,0,0,0,0,0,0,0,0,0,0,0,3
1546,0,0,0,0,0,1,0,0,0,0,0,0,0,0,0,0
1547,0,0,0,0,0,0,0,0,0,0,0,0,0,0,0,1
1548,0,0,0,0,0,0,0,0,0,0,0,0,0,0,0,2
1549,0,0,0,0,0,1,0,0,0,0,0,0,0,0,0,0
1550,0,0,0,0,0,0,0,0,0,0,0,0,0,0,0,2
1551,0,0,0,0,0,0,0,0,0,0,0,1,0,0,0,3
1552,0,0,0,0,0,0,0,0,0,0,0,0,1,0,0,3
1553,0,0,0,0,0,0,0,0,0,0,0,0,1,0,0,2
1554,0,0,1,0,0,0,0,0,0,0,0,0,1,0,0,2
1555,0,0,0,0,0,0,0,0,0,0,0,0,0,0,0,2
1556,0,0,0,0,0,0,0,0,0,0,0,1,0,0,0,3
1557,0,0,0,0,0,1,0,0,0,0,0,0,0,0,0,0
1558,0,0,0,0,0,1,0,0,0,0,0,0,0,0,0,0
1559,0,1,0,0,0,0,0,0,0,0,0,0,0,0,0,0
1560,0,0,0,1,0,0,0,0,0,0,0,0,0,0,0,1
1561,0,0,0,0,0,0,0,0,0,0,0,0,0,0,0,1
1562,0,0,0,0,0,0,0,0,0,0,0,0,0,0,0,2
1563,0,0,0,0,0,1,0,0,0,0,0,0,0,0,0,0
1564,0,0,0,0,0,1,0,0,0,0,0,0,0,0,0,0
1565,0,0,0,0,0,0,0,0,0,0,0,0,0,0,0,2
1566,0,0,0,0,0,0,0,0,0,0,0,0,0,0,0,1
1567,0,0,0,0,0,0,0,0,0,1,1,0,0,0,0,3
1568,0,0,0,0,0,0,0,0,0,0,0,0,0,0,0,1
1569,0,0,0,0,0,1,0,0,0,0,0,0,0,0,0,0
1570,0,0,0,0,0,0,0,0,1,0,0,0,0,1,0,2
1571,1,0,0,0,0,0,0,0,0,0,0,0,0,0,0,1
1572,0,0,0,0,0,1,0,0,0,0,0,0,0,0,0,0
1573,0,0,0,0,0,0,0,0,0,1,0,1,0,0,0,3
1574,0,0,0,0,0,1,0,0,0,0,0,0,0,0,0,0
1575,0,0,0,0,0,0,0,0,0,0,0,0,0,0,0,2
1576,0,0,0,0,0,0,0,0,0,1,0,0,0,0,0,2
1577,1,0,0,0,0,0,0,0,0,0,0,0,0,1,0,2
1578,0,0,0,0,0,0,0,0,0,0,0,0,0,0,0,3
1579,0,0,0,0,0,0,0,0,0,1,0,1,0,0,0,3
1580,0,0,0,0,0,0,0,0,0,0,0,0,0,0,0,1
1581,0,0,0,0,0,0,0,0,0,1,0,0,0,0,0,3
1582,0,0,0,0,0,0,0,1,0,0,0,0,0,0,0,2
1583,0,1,0,0,0,0,0,0,0,0,0,0,0,0,0,0
1584,0,0,0,0,0,1,0,0,0,0,0,0,0,0,0,0
1585,0,1,0,0,0,0,0,0,0,0,0,0,0,0,0,0
1586,0,0,0,0,1,0,0,0,0,0,0,0,0,0,0,1
1587,0,0,0,0,0,0,0,0,0,0,0,0,0,0,0,1
1588,0,0,0,0,0,0,0,0,0,0,0,0,0,0,0,2
1589,0,0,0,1,0,0,0,0,0,0,0,0,0,0,0,2
1590,0,0,0,0,0,1,0,0,0,0,0,0,0,0,0,0
1591,0,0,0,0,0,0,0,0,0,0,0,0,1,0,0,2
1592,0,0,0,0,0,0,0,0,0,0,0,0,0,0,0,2
1593,0,0,0,0,0,0,0,0,0,0,0,0,0,0,0,1
1594,0,0,0,0,0,0,0,0,0,0,0,0,0,0,0,1
1595,0,0,0,0,0,0,0,0,0,0,1,1,0,0,0,3
1596,0,0,0,0,0,0,0,0,0,0,0,0,0,0,0,1
1597,0,0,0,1,0,0,0,0,0,0,0,0,0,0,0,1
1598,0,0,0,0,0,1,0,0,0,0,0,0,0,0,0,0
1599,0,0,0,0,0,0,0,0,0,0,0,1,0,0,0,3
1600,1,0,0,0,0,0,0,0,0,0,0,0,0,0,0,0
1601,0,0,0,0,0,0,0,0,0,0,0,0,0,0,0,1
1602,0,0,0,0,0,0,0,0,0,0,0,0,0,0,0,1
1603,0,0,0,0,0,1,0,0,0,0,0,0,0,0,0,0
1604,0,0,0,0,0,1,0,0,0,0,0,0,0,0,0,0
1605,0,0,0,0,0,0,0,0,0,0,0,0,0,0,0,1
1606,0,1,0,0,0,0,0,0,0,0,0,0,0,0,0,0
1607,0,0,0,0,0,1,0,0,0,0,0,0,0,0,0,0
1608,0,0,0,0,0,0,0,0,0,0,1,1,0,0,0,3
1609,0,0,1,0,0,0,0,0,0,0,0,0,0,0,0,0
1610,0,0,0,0,1,0,0,0,0,0,0,0,0,0,0,0
1611,0,0,0,0,0,0,0,0,0,0,0,0,1,0,0,2
1612,0,0,0,0,0,0,0,0,0,0,0,0,0,0,0,2
1613,0,0,0,0,0,0,0,0,0,1,1,0,0,0,0,2
1614,0,0,0,0,0,1,0,0,0,0,0,0,0,0,0,0
1615,0,0,0,1,0,0,0,0,0,0,0,0,0,0,0,1
1616,0,0,0,0,0,0,0,0,0,0,0,0,1,0,0,2
1617,0,0,0,0,0,0,0,0,0,0,0,0,1,0,0,1
1618,0,0,0,0,0,0,0,0,0,0,0,1,0,0,0,3
1619,0,0,0,0,0,0,0,0,0,0,0,0,0,0,0,1
1620,0,0,0,0,0,0,0,0,0,0,0,0,0,0,0,1
1621,0,0,0,0,0,0,0,0,0,0,0,0,0,0,0,2
1622,0,0,0,0,0,0,0,0,0,0,0,0,0,0,0,2
1623,0,0,0,0,0,0,0,0,0,0,0,0,0,0,0,1
1624,0,0,0,0,0,0,0,0,0,0,1,0,0,0,0,2
1625,0,0,0,0,0,0,0,0,0,0,0,0,0,0,0,2
1626,0,1,0,0,0,0,0,0,0,0,0,0,0,0,0,0
1627,0,0,0,0,0,1,0,0,0,0,0,0,0,0,0,0
1628,0,0,0,1,0,0,0,0,0,0,0,0,0,0,0,1
1629,0,0,0,0,0,0,0,0,0,0,0,0,1,0,0,2
1630,0,0,0,0,0,1,0,0,0,0,0,0,0,0,0,0
1631,0,0,0,0,0,0,0,0,0,0,0,0,0,0,0,2
1632,0,0,0,1,0,0,0,0,0,0,0,0,0,0,0,2
1633,0,0,0,0,0,1,0,0,0,0,0,0,0,0,0,0
1634,0,0,0,0,0,0,0,0,0,0,0,0,0,0,0,2
1635,0,0,0,0,0,0,0,0,0,0,0,0,0,0,0,2
1636,0,1,0,0,0,0,0,0,0,0,0,0,0,0,0,0
1637,0,0,0,0,0,0,0,0,0,0,0,0,0,0,0,2
1638,0,1,0,0,0,0,0,0,0,0,0,0,0,0,0,0
1639,0,0,1,0,0,0,0,1,0,0,0,0,0,0,0,2
1640,0,0,0,1,0,0,0,0,0,0,0,0,0,0,1,2
1641,0,0,0,0,0,0,0,0,1,0,0,1,0,0,0,3
1642,0,0,0,0,0,0,0,0,0,1,0,0,1,0,0,3
1643,0,0,0,0,0,0,0,0,0,0,0,0,0,0,1,2
1644,0,0,0,0,0,0,0,0,0,0,0,0,0,0,0,3
1645,0,0,0,0,0,1,0,0,0,0,0,0,0,0,0,0
1646,0,0,0,0,0,1,0,0,0,0,0,0,0,0,0,0
1647,0,0,0,1,0,0,0,0,0,0,1,0,0,0,0,2
1648,0,0,0,0,0,0,0,0,1,0,0,1,0,0,0,3
1649,0,0,0,0,0,0,0,0,0,0,0,0,0,0,0,1
1650,0,0,0,0,0,0,0,0,0,0,0,0,0,0,0,1
1651,0,0,0,1,0,0,0,0,0,0,0,0,1,0,0,2
1652,0,0,0,0,0,0,0,0,0,0,0,0,0,0,0,2
1653,0,0,0,1,0,0,0,0,0,0,0,0,0,0,0,0
1654,0,0,0,0,1,0,0,0,0,0,0,0,0,0,0,1
1655,0,1,0,0,0,0,0,0,0,0,0,0,0,0,0,0
1656,0,0,0,0,0,0,0,0,0,0,0,0,1,0,0,2
1657,0,0,0,0,0,0,0,0,0,0,0,0,1,0,0,2
1658,0,0,0,0,0,0,0,0,0,0,0,0,0,0,0,1
1659,0,1,0,0,0,0,0,0,0,0,0,0,0,0,0,0
1660,0,0,0,0,0,0,0,0,0,0,0,0,0,0,0,2
1661,0,0,0,0,0,1,0,0,0,0,0,0,0,0,0,0
1662,0,0,0,1,0,0,0,0,0,0,0,0,0,1,0,2
1663,0,0,0,0,0,0,0,0,0,0,0,0,0,0,0,3
1664,0,1,0,0,0,0,0,0,0,0,0,0,0,0,0,0
1665,0,0,0,0,0,0,1,0,0,0,0,0,0,0,0,1
1666,0,0,0,0,0,0,0,0,0,0,0,0,0,0,0,3
1667,0,0,0,0,0,0,0,0,0,0,0,0,0,0,0,2
1668,0,0,0,0,0,0,0,0,0,0,0,0,0,0,0,2
1669,0,0,0,0,0,1,0,0,0,0,0,0,0,0,0,0
1670,0,0,0,0,0,1,0,0,0,0,0,0,0,0,0,1
1671,0,0,0,0,0,0,0,0,0,0,0,1,0,0,0,3
1672,0,0,0,0,0,0,0,0,0,0,1,1,0,0,0,3
1673,0,0,0,0,0,0,1,0,0,0,0,1,0,0,0,3
1674,0,0,0,0,0,0,0,0,0,1,0,0,1,0,0,2
1675,0,0,0,0,0,0,0,0,0,0,0,0,0,0,0,2
1676,0,0,0,0,0,0,0,0,0,0,1,0,0,0,0,2
1677,0,0,0,0,0,1,0,0,0,0,0,0,0,0,0,0
1678,0,0,0,0,0,0,0,0,0,1,0,0,1,0,0,2
1679,0,0,0,0,0,1,0,0,0,0,0,0,0,0,0,0
1680,0,0,0,0,0,0,0,0,0,0,0,0,1,0,0,2
1681,0,0,0,0,0,0,0,0,0,0,0,0,0,0,0,1
1682,0,0,0,0,0,0,0,0,0,0,0,1,0,0,0,3
1683,0,0,0,0,1,1,0,0,0,0,0,0,0,0,0,2
1684,0,0,0,0,0,0,0,0,0,0,0,0,0,0,0,1
1685,0,0,0,0,0,1,0,0,0,0,0,0,0,0,0,0
1686,0,0,0,0,0,1,0,0,0,0,0,0,0,0,0,2
1687,0,0,0,0,0,0,0,0,0,0,0,0,0,0,0,1
1688,0,0,0,0,0,0,0,0,0,0,1,0,0,0,0,2
1689,0,0,0,0,0,1,0,0,0,0,0,0,0,0,0,0
1690,0,0,0,0,0,0,0,0,0,0,0,1,1,0,0,3
1691,0,0,0,0,0,0,0,0,0,0,0,0,0,0,0,2
1692,0,0,0,0,0,0,0,0,0,0,0,0,0,0,0,2
1693,0,0,0,0,0,0,0,0,0,0,0,0,0,0,1,2
1694,0,0,0,1,0,0,0,0,0,0,0,0,0,0,0,1
1695,0,0,0,0,0,0,0,0,0,0,0,0,0,0,0,1
1696,0,0,0,0,0,0,0,0,0,0,0,0,1,0,0,1
1697,0,0,0,0,0,0,0,0,0,0,0,0,0,0,0,1
1698,0,0,0,0,0,0,0,0,0,0,0,0,0,0,0,1
1699,0,0,0,0,0,0,0,0,0,0,0,0,0,0,0,3
1700,0,0,0,0,0,0,0,0,0,0,0,0,0,0,0,1
1701,0,0,0,1,0,0,0,0,0,0,0,0,0,0,0,1
1702,0,1,0,0,0,0,0,0,0,0,0,0,0,0,0,0
1703,0,0,0,0,0,0,0,0,0,0,0,0,0,0,0,2
1704,0,0,0,0,0,1,0,0,0,0,0,0,0,0,0,2
1705,0,0,0,0,0,0,1,0,0,1,0,1,0,0,0,3
1706,0,0,0,0,0,0,0,0,0,0,0,0,0,0,0,3
1707,0,0,0,0,0,0,0,0,0,0,0,0,0,0,0,1
1708,0,0,0,0,0,0,0,0,0,0,0,0,0,0,0,3
1709,0,0,0,0,0,0,0,0,0,0,0,0,0,0,0,2
1710,0,0,0,0,0,0,0,0,0,0,0,0,0,0,0,2
1711,1,0,0,0,0,0,1,0,0,0,0,0,0,0,0,1
1712,0,0,0,0,0,1,0,0,0,0,0,0,0,0,0,0
1713,0,0,0,0,0,1,0,0,0,0,0,0,0,0,0,0
1714,0,1,0,0,0,0,0,0,0,0,0,0,0,0,0,0
1715,0,0,0,0,0,0,0,0,0,0,0,0,0,0,0,1
1716,0,0,0,0,0,0,0,0,1,0,0,0,1,0,0,2
1717,0,0,0,0,0,0,0,0,0,0,0,0,0,0,0,1
1718,0,0,0,1,0,0,0,0,0,0,1,0,0,0,0,2
1719,0,0,0,0,0,0,0,0,0,0,0,0,0,0,0,1
1720,0,0,0,0,0,0,0,0,0,1,0,0,0,0,0,2
1721,0,0,0,0,0,1,0,0,0,0,0,0,0,0,0,1
1722,0,0,0,0,0,1,0,0,0,0,0,0,0,0,0,0
1723,0,0,0,0,0,0,0,0,0,0,0,0,0,0,0,1
1724,0,0,0,0,0,1,0,0,0,0,0,0,0,0,0,0
1725,0,0,0,0,0,0,0,0,0,0,0,0,0,0,0,2
1726,0,0,0,0,0,0,0,0,0,0,0,0,0,0,0,2
1727,0,0,0,0,0,1,0,0,0,0,0,0,0,0,0,0
1728,0,0,0,0,0,0,0,0,0,0,1,1,0,0,0,3
1729,1,0,0,0,0,0,0,0,0,0,0,0,0,0,0,0
1730,1,0,0,0,0,0,0,0,0,0,0,0,0,0,0,0
1731,0,0,0,0,0,0,0,0,0,0,0,0,0,0,0,3
1732,0,0,0,0,0,0,0,0,0,0,0,0,0,0,0,1
1733,0,0,0,0,0,0,0,0,0,0,0,0,0,0,0,3
1734,0,0,0,0,0,0,0,0,0,0,0,0,0,0,0,3
1735,0,0,0,0,0,0,0,0,0,0,0,0,0,0,0,0
1736,0,0,0,0,0,1,0,0,0,0,0,0,0,0,0,2
1737,0,0,0,0,0,1,0,0,0,0,0,0,0,0,0,0
1738,0,0,0,1,0,0,0,0,0,0,0,0,0,0,0,1
1739,0,0,0,0,0,0,0,1,0,0,1,1,0,0,0,3
1740,0,0,0,0,0,0,0,0,0,0,0,0,0,0,0,1
1741,0,0,0,0,0,0,0,0,0,0,0,0,0,0,0,1
1742,0,0,0,0,0,0,0,0,0,0,0,0,1,0,0,2
1743,0,0,0,0,0,0,0,0,0,1,0,1,0,0,0,2
1744,0,0,0,0,0,0,0,0,0,0,0,0,0,0,0,2
1745,0,0,0,1,0,0,0,0,0,0,0,0,0,0,0,1
1746,0,0,0,0,0,0,0,0,0,0,1,0,0,0,0,2
1747,0,0,0,0,0,0,0,0,0,0,0,0,0,0,0,1
1748,0,0,0,0,0,0,0,0,0,0,0,0,0,0,0,2
1749,0,0,0,0,0,0,0,0,0,0,0,0,0,0,0,2
1750,0,1,0,0,0,0,0,0,0,0,0,0,0,0,0,0
1751,0,0,0,0,0,0,0,0,0,0,0,0,0,0,0,0
1752,0,0,0,1,0,0,0,0,0,0,0,0,0,0,0,2
1753,0,0,0,0,0,1,0,0,0,0,0,0,0,0,0,0
1754,0,0,0,0,0,0,0,0,0,0,0,0,0,0,0,1
1755,0,0,0,0,0,0,0,0,1,0,0,0,0,0,0,2
1756,0,0,0,0,0,0,0,0,0,0,0,0,0,0,0,3
1757,1,0,0,0,1,0,0,0,0,0,0,0,0,0,0,1
1758,0,1,0,0,0,0,0,0,0,0,0,0,0,0,0,0
1759,0,0,0,0,0,1,0,0,0,0,0,0,0,0,0,0
1760,0,0,0,0,0,1,0,0,0,0,0,0,0,0,0,0
1761,0,0,0,0,0,0,0,0,0,0,0,1,0,0,0,3
1762,0,0,0,0,0,0,0,0,0,0,0,0,0,0,1,2
1763,0,0,0,0,0,0,0,0,0,0,0,0,0,0,0,3
1764,0,0,0,0,0,0,0,0,0,0,0,0,0,0,0,1
1765,0,0,0,1,0,0,0,0,0,0,0,0,0,0,0,2
1766,0,0,0,0,0,0,0,0,0,0,0,1,0,0,0,3
1767,0,0,0,0,1,0,0,1,0,0,1,0,0,0,0,2
1768,0,1,0,1,0,0,0,0,0,0,0,0,0,0,0,0
1769,0,0,0,0,0,1,0,0,0,0,0,0,0,0,0,0
1770,0,0,0,0,0,0,0,0,0,0,0,0,0,0,0,3
1771,0,0,0,0,0,1,0,0,0,0,0,0,0,0,0,0
1772,0,0,0,0,0,1,0,0,0,0,0,0,0,0,0,0
1773,0,0,0,0,0,0,0,0,0,0,0,0,0,0,0,2
1774,0,0,0,0,0,0,0,0,0,1,1,1,0,0,0,3
1775,0,0,0,0,0,0,0,0,0,0,0,0,0,0,0,2
1776,0,0,0,0,0,0,0,0,0,0,0,0,1,0,0,3
1777,0,1,0,0,0,0,0,0,0,0,0,0,0,0,0,0
1778,0,0,0,0,0,0,0,0,0,0,0,0,0,0,0,3
1779,0,0,0,1,0,0,0,0,0,0,0,0,0,0,0,0
1780,0,0,0,0,0,1,0,0,0,0,0,0,0,0,0,0
1781,0,0,0,0,0,0,0,0,0,0,0,1,0,0,0,3
1782,0,0,0,0,0,0,0,0,0,0,0,0,0,0,0,1
1783,0,0,0,0,0,1,0,0,0,0,0,0,0,0,0,0
1784,0,0,0,0,0,0,0,0,0,0,1,1,0,0,0,3
1785,0,0,0,0,0,0,0,0,0,0,0,0,0,0,0,2
1786,0,0,0,0,0,0,0,0,0,0,1,0,1,0,0,2
1787,0,0,0,0,0,0,0,0,0,0,0,0,0,0,0,2
1788,0,0,0,0,0,0,0,0,0,0,1,0,1,0,0,2
1789,0,0,0,0,0,1,0,0,0,0,0,0,0,0,0,0
1790,0,0,0,0,0,0,0,0,0,0,0,0,0,0,0,1
1791,0,0,0,0,0,0,0,0,0,0,0,0,0,0,0,2
1792,0,0,0,0,0,1,0,0,0,0,0,0,0,0,0,2
1793,0,0,0,0,0,0,0,0,0,0,0,0,0,0,0,3
1794,0,0,0,0,0,0,0,0,0,1,0,1,0,0,0,3
1795,0,0,0,0,0,0,0,0,0,0,0,0,0,0,0,2
1796,0,0,0,0,0,1,0,0,0,0,0,0,0,0,0,0
1797,0,0,0,0,0,1,0,0,0,0,0,0,0,0,0,0
1798,0,0,0,0,0,1,0,0,0,0,0,0,0,0,0,0
1799,0,0,0,0,0,0,0,0,0,0,0,0,1,0,0,2
1800,0,0,0,0,0,0,0,0,0,1,0,0,0,0,0,3
1801,0,0,0,0,0,0,0,0,1,0,1,1,0,0,0,3
1802,0,1,0,0,0,0,0,0,0,0,0,0,0,0,0,0
1803,0,0,0,0,0,0,0,0,0,0,1,1,0,0,0,3
1804,0,0,0,0,0,0,0,0,0,0,0,0,0,0,0,2
1805,0,0,0,0,0,0,0,0,0,0,0,0,0,0,0,2
1806,0,0,0,0,0,1,0,0,0,0,0,0,0,0,0,0
1807,0,0,0,1,0,0,0,0,0,0,0,0,0,0,0,1
1808,0,0,0,0,0,0,0,0,0,0,0,0,0,0,0,2
1809,0,0,0,0,0,0,0,0,0,0,0,0,0,0,0,1
1810,0,0,1,0,0,0,0,0,0,0,0,0,1,0,1,2
1811,0,1,0,0,0,0,0,0,0,0,0,0,0,0,1,1
1812,0,0,0,0,0,0,0,0,0,0,0,0,0,0,0,1
1813,0,0,0,0,0,0,0,0,0,0,0,0,0,0,0,1
1814,0,0,0,0,1,0,0,0,0,0,0,0,0,0,0,1
1815,0,0,0,0,0,1,0,0,0,0,0,0,0,0,0,0
1816,0,0,0,0,0,0,0,0,0,0,0,1,0,0,0,3
1817,0,0,0,0,0,0,0,0,0,0,0,0,0,0,0,1
1818,0,0,0,0,0,0,0,0,0,0,0,0,0,0,0,2
1819,0,0,0,0,0,0,0,0,0,0,0,0,0,0,0,2
1820,0,0,0,0,0,0,0,0,0,0,0,0,0,0,0,1
1821,0,0,0,0,0,1,0,0,0,0,0,0,0,1,0,2
1822,0,0,0,0,0,1,0,0,0,0,0,0,0,0,0,0
1823,0,0,1,0,0,0,0,0,0,0,0,0,0,0,0,2
1824,0,0,0,0,0,0,0,0,0,0,0,0,0,0,0,3
1825,0,0,0,0,0,1,0,0,0,0,0,0,0,0,0,0
1826,0,0,0,0,0,0,0,0,0,0,0,0,0,0,0,1
1827,0,0,0,0,0,0,0,0,0,0,0,0,0,0,0,2
1828,0,1,0,0,0,0,0,0,0,0,0,0,0,0,0,0
1829,0,1,0,1,0,0,0,0,0,0,0,0,0,0,0,0
1830,0,0,0,0,0,0,0,0,0,0,0,0,0,0,0,2
1831,0,0,0,0,0,0,0,0,0,0,0,0,1,0,0,2
1832,0,0,0,0,0,0,0,0,0,0,0,0,0,0,0,2
1833,0,0,0,0,0,0,0,0,0,0,0,1,0,0,0,3
1834,0,0,0,0,0,0,0,0,0,0,0,1,0,0,0,3
1835,0,0,0,0,0,0,0,0,0,0,0,0,0,0,0,1
1836,0,0,0,0,0,0,0,0,0,1,0,0,0,0,0,2
1837,0,0,0,1,0,0,0,0,0,0,0,0,0,0,0,1
1838,0,0,0,0,0,1,0,0,0,0,0,0,0,0,0,0
1839,0,0,0,0,0,1,0,0,0,0,0,0,0,0,0,0
1840,0,0,0,0,0,0,0,0,0,0,0,0,0,0,0,1
1841,0,0,0,0,0,0,0,0,0,0,0,1,0,0,0,3
1842,0,0,0,0,0,0,0,0,0,0,0,1,0,0,0,3
1843,0,0,0,0,0,1,0,0,0,0,0,0,0,0,0,0
1844,0,0,0,0,0,0,0,0,0,0,0,0,1,0,0,2
1845,0,0,0,1,0,0,0,0,0,0,0,0,1,0,1,2
1846,0,0,0,0,0,0,0,0,0,0,0,0,0,0,0,2
1847,0,0,0,0,0,1,0,0,0,0,0,0,0,0,0,0
1848,0,0,0,0,0,0,0,0,0,0,0,0,0,0,0,1
1849,0,0,0,0,0,0,0,0,0,0,0,0,1,0,0,3
1850,0,0,0,0,0,0,0,0,0,0,0,0,0,0,0,2
1851,0,0,0,0,0,0,0,0,0,0,0,0,0,0,0,2
1852,1,0,0,0,0,0,0,0,0,0,0,0,0,0,0,0
1853,0,0,0,0,0,0,0,0,0,0,0,0,1,0,0,2
1854,0,0,0,0,0,1,0,0,0,0,0,0,0,0,0,0
1855,0,0,0,0,0,1,0,0,0,0,0,0,0,0,0,0
1856,0,0,0,0,0,0,0,0,0,0,0,0,0,0,0,3
1857,0,0,0,0,0,1,0,0,0,0,0,0,0,0,0,0
1858,0,0,0,0,0,0,0,0,0,0,0,0,0,1,0,2
1859,0,1,0,0,0,0,0,0,0,0,0,0,0,0,0,0
1860,0,0,0,0,0,0,0,0,0,0,0,0,0,0,0,2
1861,0,0,0,0,0,0,0,0,0,0,0,0,1,0,0,2
1862,0,0,0,0,0,0,0,0,0,0,0,0,0,0,0,3
1863,0,0,0,0,0,0,0,0,0,0,0,0,0,0,0,1
1864,0,0,0,1,0,0,0,0,0,0,0,0,1,0,0,1
1865,0,0,0,0,0,0,0,0,0,0,0,0,0,0,0,1
1866,0,0,0,0,0,0,0,0,0,0,0,0,0,0,0,2
1867,0,0,0,0,0,1,0,0,0,0,0,0,0,0,0,0
1868,0,0,0,1,0,0,0,0,0,0,0,0,1,0,0,2
1869,0,0,0,0,0,0,0,0,0,0,0,0,0,0,0,1
1870,0,0,0,0,1,0,0,0,0,0,0,0,0,0,0,2
1871,0,0,0,0,0,0,0,0,1,0,1,1,0,0,0,3
1872,0,0,0,0,0,1,0,0,0,0,0,0,0,0,0,2
1873,0,1,0,0,0,0,0,0,0,0,0,0,0,0,0,0
1874,0,0,0,0,0,0,0,0,0,0,0,0,0,0,0,1
1875,0,0,0,0,0,1,0,0,0,0,0,0,0,0,0,2
1876,0,0,0,0,0,0,0,1,1,0,0,1,0,0,0,3
1877,0,0,0,0,0,1,0,0,0,0,0,0,0,0,0,0
1878,0,0,0,0,0,0,0,0,0,0,0,0,0,0,0,3
1879,0,0,0,0,0,0,0,0,0,0,0,0,0,0,0,2
1880,0,0,0,0,1,0,0,0,0,0,0,0,0,0,0,0
1881,0,0,0,0,0,0,0,0,0,1,0,1,0,0,0,3
1882,0,0,0,1,0,0,0,0,0,0,0,0,0,0,0,1
1883,0,0,0,0,0,0,0,0,0,0,0,1,0,0,0,3
1884,0,0,0,1,0,0,0,0,0,0,0,0,0,0,0,2
1885,0,0,0,0,0,0,0,0,0,1,0,1,0,0,0,3
1886,0,0,0,0,0,0,0,0,0,0,0,0,0,0,0,2
1887,0,0,0,0,0,0,0,0,0,0,0,0,0,0,0,2
1888,0,0,0,0,0,1,0,0,0,0,0,0,0,0,0,0
1889,0,0,0,0,0,0,0,0,0,0,0,0,0,0,0,1
1890,0,0,0,0,0,0,0,0,1,1,0,1,0,0,0,3
1891,0,0,0,0,0,0,0,0,0,0,0,0,0,0,0,2
1892,0,0,0,0,0,1,0,0,0,0,0,0,0,0,0,0
1893,0,0,0,0,0,0,0,0,0,0,0,0,0,0,0,2
1894,0,0,0,0,0,1,0,0,0,0,0,0,0,0,0,0
